,k1,k2,k3,k4,k5,k6,k7,k8,k9,k10
0,0,0,2,3,0,0,4,0,4,2
1,0,0,2,3,0,5,4,0,1,2
2,0,0,2,3,0,5,0,0,1,2
3,0,0,1,2,0,1,4,2,7,0
4,0,1,2,0,4,3,2,1,6,4
5,0,0,2,3,0,0,0,0,1,2
6,0,1,2,3,4,3,2,4,5,8
7,0,0,2,3,0,0,4,0,1,2
8,0,0,1,2,0,5,4,0,1,2
9,0,1,0,1,4,3,2,4,6,6
10,0,0,2,3,0,0,3,0,4,2
11,0,1,2,1,4,3,2,3,6,4
12,0,1,2,1,4,3,2,3,6,4
13,0,1,2,3,4,3,2,3,6,4
14,0,1,2,3,4,3,2,3,6,4
15,0,1,0,1,1,2,6,5,2,7
16,0,0,2,3,4,0,2,0,5,2
17,0,1,0,1,4,3,2,3,6,4
18,0,1,2,0,3,5,2,3,1,8
19,0,0,1,2,2,1,3,3,8,1
20,0,0,1,2,2,4,3,3,8,1
21,0,1,0,1,1,2,6,5,2,7
22,0,1,0,0,3,5,0,1,1,3
23,0,1,0,0,3,5,0,1,3,1
24,0,1,0,0,3,5,0,1,3,1
25,0,1,2,3,4,5,2,3,5,8
26,0,1,2,3,4,5,2,3,5,8
27,0,1,0,1,1,2,6,5,2,7
28,0,0,1,2,0,5,4,0,1,2
29,0,1,0,0,3,5,0,1,3,3
30,0,1,0,0,3,5,0,1,3,3
31,0,0,2,3,4,3,5,3,1,4
32,0,0,2,3,4,0,5,7,4,4
33,0,1,0,1,1,2,6,5,2,7
34,0,0,1,2,2,1,3,2,3,1
35,0,1,0,0,3,4,1,6,8,9
36,0,1,0,0,3,4,1,6,8,9
37,0,1,0,0,3,4,1,6,3,9
38,0,1,0,0,3,4,0,1,3,1
39,0,0,1,2,2,1,3,4,5,8
40,0,0,1,2,2,1,4,2,7,0
41,0,1,2,3,4,0,5,7,4,4
42,0,1,2,3,4,0,5,7,4,4
43,0,1,2,3,4,0,5,7,4,4
44,0,1,2,3,4,0,5,7,4,4
45,0,0,1,2,2,1,3,2,3,1
46,0,0,1,2,2,1,3,2,7,0
47,0,1,2,3,4,5,0,1,0,3
48,0,0,1,2,2,5,3,1,3,2
49,0,0,1,2,2,5,3,1,1,2
50,0,0,1,0,2,5,0,1,1,2
51,0,1,0,1,1,2,6,5,2,7
52,0,0,2,3,0,0,4,0,5,2
53,0,1,2,3,4,3,0,1,6,4
54,0,1,2,3,4,3,0,1,6,4
55,0,1,0,0,4,3,0,1,0,4
56,0,1,0,0,4,3,0,1,0,4
57,0,1,1,0,3,4,1,6,8,9
58,0,1,0,0,3,5,0,4,0,3
59,0,1,2,1,4,3,5,7,6,4
60,0,1,2,1,4,3,5,7,6,4
61,0,1,0,1,1,2,6,5,2,7
62,0,1,0,0,4,3,0,1,6,4
63,0,1,0,0,3,3,0,1,6,4
64,0,0,2,3,4,3,2,3,6,4
65,0,1,2,3,4,5,0,1,1,3
66,0,1,0,1,4,3,2,7,6,4
67,0,0,2,3,4,0,5,7,4,6
68,0,1,2,3,4,3,5,7,4,6
69,0,1,2,3,4,3,5,7,4,6
70,0,1,0,1,4,3,2,7,0,4
71,0,1,2,3,2,3,2,4,5,8
72,0,1,0,0,3,4,1,6,8,9
73,0,1,0,0,3,4,1,6,3,9
74,0,1,0,0,3,2,2,4,5,8
75,0,1,0,1,3,3,2,4,0,4
76,0,0,2,3,0,0,5,0,4,5
77,0,0,2,3,4,3,2,7,5,8
78,0,0,2,3,4,0,2,0,5,8
79,0,0,2,3,4,3,5,7,4,4
80,0,0,2,3,4,0,5,0,4,5
81,0,0,2,3,4,3,5,7,4,4
82,0,1,0,1,1,2,6,5,2,7
83,0,0,1,2,0,5,4,0,5,2
84,0,1,0,0,3,5,0,1,3,4
85,0,1,0,0,3,3,2,4,5,8
86,0,1,0,3,4,3,2,4,5,6
87,0,1,0,3,4,3,2,4,5,6
88,0,1,2,3,4,0,2,4,4,6
89,0,0,1,2,0,0,4,0,7,5
90,0,0,2,0,0,5,0,1,1,3
91,0,1,2,0,3,5,0,1,0,3
92,0,1,2,0,3,5,0,1,0,3
93,0,1,0,0,3,5,0,1,0,3
94,0,0,1,2,2,1,3,3,5,1
95,0,0,1,2,0,1,4,2,7,0
96,0,0,2,3,0,5,0,1,1,2
97,0,0,2,3,0,5,0,0,1,2
98,0,0,2,3,0,5,0,0,1,2
99,0,0,2,3,0,5,0,0,1,2
100,0,1,0,0,3,5,0,4,1,3
101,0,0,1,2,2,1,3,4,5,2
102,0,0,2,3,0,5,4,0,1,8
103,0,1,2,3,4,5,0,1,1,3
104,0,0,2,3,0,0,4,0,1,5
105,0,0,2,3,4,0,2,0,1,2
106,0,1,2,3,4,3,5,7,0,3
107,0,1,2,0,3,5,0,1,1,3
108,0,0,2,3,4,0,5,7,4,6
109,0,0,2,3,4,0,5,7,4,6
110,0,0,2,3,4,0,5,7,4,6
111,0,0,2,3,4,0,5,7,4,6
112,0,1,0,1,1,2,6,5,6,7
113,0,1,1,0,3,5,0,1,3,3
114,0,1,0,0,3,4,1,6,8,9
115,0,0,1,2,2,1,3,3,5,1
116,0,0,1,0,2,5,3,1,3,2
117,0,0,1,2,0,1,4,0,1,2
118,0,1,1,0,2,4,3,6,3,1
119,0,1,1,0,2,4,1,6,8,9
120,0,1,0,0,3,4,1,6,8,9
121,0,1,0,0,3,4,1,6,8,9
122,0,1,0,0,3,4,1,6,8,9
123,0,1,0,0,3,4,1,6,8,9
124,0,1,0,1,1,2,6,5,2,7
125,0,0,1,2,2,1,3,2,5,2
126,0,1,0,1,4,3,2,3,6,4
127,0,0,1,2,2,3,2,3,5,8
128,0,0,2,3,4,3,2,3,6,8
129,0,0,2,3,4,3,0,7,1,4
130,0,1,1,0,3,5,0,1,3,3
131,0,1,0,0,3,5,0,1,0,3
132,0,0,1,2,0,1,4,0,4,2
133,0,0,1,2,0,1,4,0,4,2
134,0,0,1,2,0,1,4,0,4,2
135,0,0,1,2,0,1,4,0,4,2
136,0,0,1,2,2,1,3,2,7,0
137,0,0,2,3,2,3,3,3,5,8
138,0,0,2,3,4,3,2,0,5,8
139,0,0,2,3,4,3,5,7,0,4
140,0,0,2,3,4,3,5,7,4,4
141,0,0,1,2,2,1,4,2,7,0
142,0,0,1,2,2,1,3,2,7,0
143,0,1,0,1,1,4,1,6,8,9
144,0,1,0,1,1,2,6,5,2,7
145,0,1,0,0,3,3,2,4,0,4
146,0,1,0,0,3,4,1,6,8,9
147,0,1,0,0,3,4,1,6,8,9
148,0,1,0,0,3,4,1,6,8,9
149,0,1,0,1,1,2,6,5,2,7
150,0,1,2,3,4,3,2,7,6,4
151,0,1,0,0,3,5,0,1,1,3
152,0,1,0,0,3,5,2,1,1,1
153,0,1,0,0,3,5,0,1,1,3
154,0,1,0,0,3,5,0,1,1,3
155,0,1,0,1,1,2,6,5,2,7
156,0,1,0,1,4,3,2,7,6,4
157,0,1,0,1,4,3,2,7,6,4
158,0,1,2,0,3,5,0,1,1,3
159,0,1,2,1,4,3,2,3,6,4
160,0,1,0,1,1,2,6,5,2,7
161,0,0,1,2,2,1,3,3,5,2
162,0,0,1,2,2,1,3,2,7,2
163,0,0,1,2,0,1,4,2,7,0
164,0,0,1,2,0,1,4,2,7,0
165,0,0,1,2,0,1,4,2,7,0
166,0,0,1,2,0,1,4,2,7,0
167,0,1,2,3,4,3,5,7,0,4
168,0,1,2,3,4,5,0,1,1,3
169,0,0,2,3,4,5,5,0,1,3
170,0,0,2,3,0,0,4,0,4,5
171,0,0,2,2,0,0,4,0,4,5
172,0,0,2,3,0,0,4,0,4,5
173,0,0,2,3,4,3,5,7,0,4
174,0,1,2,3,4,3,5,7,6,6
175,0,1,2,3,4,3,5,7,6,4
176,0,0,2,3,4,5,5,1,1,3
177,0,0,2,3,0,0,5,0,4,5
178,0,0,1,2,0,1,4,2,7,0
179,0,1,1,1,2,3,3,3,5,8
180,0,0,1,0,3,5,0,1,1,2
181,0,0,1,0,3,5,0,1,1,2
182,0,0,2,3,0,0,5,0,4,5
183,0,0,2,3,4,0,2,3,6,8
184,0,1,0,1,4,3,2,4,6,4
185,0,0,2,3,4,3,5,7,6,6
186,0,0,2,3,4,3,2,3,1,8
187,0,1,0,0,4,3,0,1,0,4
188,0,1,0,0,4,3,0,1,0,4
189,0,1,0,0,4,3,0,1,0,4
190,0,0,1,2,2,1,3,3,7,8
191,0,0,2,3,4,5,2,4,1,2
192,0,1,0,1,4,3,2,4,6,6
193,0,1,0,1,1,2,6,5,6,4
194,0,0,2,3,4,0,2,4,5,2
195,0,1,2,3,4,3,2,4,6,6
196,0,1,2,3,4,3,2,4,6,6
197,0,0,2,3,0,0,5,0,4,5
198,0,0,2,3,0,0,5,0,1,5
199,0,0,2,3,4,3,2,3,1,8
200,0,1,2,3,4,3,2,3,6,8
201,0,0,2,3,0,0,5,3,4,5
202,0,0,2,3,0,0,5,0,4,5
203,0,0,1,2,2,1,3,2,7,0
204,0,1,1,0,3,5,3,1,3,1
205,0,1,0,0,3,5,0,1,3,3
206,0,1,0,0,3,5,0,1,3,3
207,0,1,0,1,1,2,6,5,2,7
208,0,0,2,0,3,5,0,1,0,3
209,0,0,1,2,2,1,3,3,7,8
210,0,0,1,2,2,1,3,2,7,0
211,0,0,1,2,2,1,3,2,7,0
212,0,0,1,2,2,1,3,2,7,0
213,0,0,1,2,2,1,4,2,7,8
214,0,0,1,2,2,1,3,2,7,0
215,0,0,1,2,0,1,4,0,5,2
216,0,0,1,2,2,1,3,3,5,8
217,0,0,2,3,4,0,5,7,6,6
218,0,0,2,3,4,3,5,7,4,6
219,0,1,0,1,1,2,6,5,2,7
220,0,1,0,1,1,2,6,5,2,7
221,0,1,1,0,3,4,1,6,8,9
222,0,1,0,0,3,5,0,4,1,3
223,0,1,0,0,3,5,0,1,3,3
224,0,0,1,2,0,1,4,2,7,0
225,0,1,2,3,4,3,5,7,6,6
226,0,1,1,0,3,5,0,1,1,3
227,0,1,0,0,3,4,1,6,3,1
228,0,1,0,0,3,3,0,1,0,4
229,0,1,0,0,3,3,0,1,0,4
230,0,1,0,1,1,2,6,5,2,7
231,0,1,0,0,3,4,1,6,3,1
232,0,1,2,3,4,3,5,7,6,6
233,0,0,2,3,4,0,5,7,4,6
234,0,1,2,3,4,0,5,7,4,6
235,0,0,2,3,4,0,5,7,4,6
236,0,1,0,1,1,2,6,5,2,7
237,0,1,0,0,3,5,0,1,1,3
238,0,1,0,1,1,2,6,5,2,7
239,0,1,0,1,1,4,1,6,8,9
240,0,1,0,1,1,4,6,6,8,1
241,0,1,0,0,3,4,2,4,3,8
242,0,1,1,0,3,4,1,6,8,9
243,0,0,1,2,2,5,3,1,5,2
244,0,0,2,3,4,0,2,3,5,8
245,0,0,2,3,4,3,2,3,5,8
246,0,0,2,3,4,3,2,3,5,8
247,0,0,2,3,4,3,2,3,5,8
248,0,0,1,2,0,1,4,2,7,0
249,0,1,2,0,3,5,0,1,1,3
250,0,1,1,0,3,5,0,1,3,3
251,0,0,2,3,0,5,0,0,1,2
252,0,0,1,2,0,1,4,0,7,0
253,0,0,1,2,0,1,4,2,7,0
254,0,0,1,2,2,1,3,2,7,0
255,0,0,1,0,2,5,3,4,5,8
256,0,1,2,3,4,5,0,1,1,3
257,0,1,2,3,4,5,0,1,1,3
258,0,1,2,3,4,3,2,4,5,8
259,0,1,2,3,4,3,2,4,5,8
260,0,1,0,1,1,4,1,6,8,9
261,0,0,2,3,4,0,5,0,5,2
262,0,1,2,0,4,5,0,1,3,1
263,0,0,1,2,2,3,3,3,5,1
264,0,1,2,3,4,3,2,4,5,8
265,0,0,1,2,2,1,3,2,7,0
266,0,1,0,0,3,5,0,4,1,3
267,0,1,2,3,4,3,5,7,0,4
268,0,0,1,2,0,1,4,2,7,0
269,0,0,2,3,0,0,4,0,4,2
270,0,0,2,3,4,3,2,3,6,8
271,0,0,2,3,0,0,4,0,1,5
272,0,1,2,3,4,3,5,7,6,6
273,0,0,2,3,4,0,5,7,4,5
274,0,1,0,1,1,2,6,5,2,7
275,0,0,2,3,4,0,5,7,4,5
276,0,1,0,1,1,2,6,5,2,7
277,0,0,2,3,2,5,2,4,5,2
278,0,1,0,1,4,3,5,7,6,6
279,0,0,2,3,2,3,3,3,5,6
280,0,0,2,3,4,0,5,7,4,6
281,0,0,2,3,4,3,5,7,4,6
282,0,1,0,1,1,2,6,5,2,7
283,0,1,0,1,1,2,6,5,6,7
284,0,0,2,3,0,0,4,0,1,2
285,0,0,2,3,0,0,4,0,1,2
286,0,0,2,3,0,0,4,0,1,2
287,0,1,0,0,3,4,1,4,8,9
288,0,0,1,2,0,1,4,2,7,0
289,0,0,2,3,0,5,0,0,1,2
290,0,0,1,2,0,1,4,0,5,8
291,0,0,1,2,0,5,4,1,1,2
292,0,0,1,2,0,1,4,0,7,2
293,0,0,1,2,2,1,4,3,5,8
294,0,0,1,2,2,4,3,6,3,1
295,0,0,1,2,0,1,3,2,7,0
296,0,0,1,2,0,1,4,0,1,2
297,0,0,1,0,3,5,0,1,3,2
298,0,0,1,0,3,5,0,1,0,2
299,0,0,1,0,3,5,0,1,0,2
300,0,1,0,1,1,2,6,5,2,7
301,0,1,0,1,4,3,2,7,6,4
302,0,1,0,1,4,3,2,3,6,8
303,0,0,1,2,2,3,2,3,5,8
304,0,0,1,2,2,3,2,3,5,8
305,0,0,2,3,2,3,2,3,5,8
306,0,0,2,3,0,0,4,0,4,5
307,0,0,1,2,0,0,4,0,5,8
308,0,0,1,0,2,3,3,3,5,8
309,0,1,0,0,3,5,0,4,1,3
310,0,1,2,3,4,5,2,4,5,8
311,0,1,0,1,4,3,2,7,6,4
312,0,1,0,0,3,4,1,4,8,9
313,0,1,0,0,4,3,5,7,0,4
314,0,0,2,3,4,0,2,7,4,5
315,0,0,2,3,4,0,2,0,4,5
316,0,0,2,3,0,0,4,0,4,5
317,0,0,2,3,0,0,4,0,4,5
318,0,1,0,0,3,4,1,6,8,9
319,0,0,1,2,2,1,3,3,5,2
320,0,0,2,3,0,5,4,0,5,2
321,0,1,2,0,3,5,0,1,0,3
322,0,1,0,0,3,5,0,1,0,3
323,0,1,0,0,3,5,0,1,0,3
324,0,1,0,1,1,2,6,5,2,7
325,0,1,0,1,1,2,6,5,2,7
326,0,1,2,3,4,5,0,1,1,3
327,0,1,2,3,4,5,0,1,1,3
328,0,1,2,3,4,5,0,1,1,3
329,0,1,2,3,4,5,0,1,1,2
330,0,1,0,0,3,4,1,6,8,9
331,0,1,0,0,3,5,0,1,1,4
332,0,0,1,2,2,1,3,3,5,8
333,0,1,0,0,3,5,0,1,3,3
334,0,1,0,0,3,5,0,1,3,3
335,0,0,1,2,0,1,4,2,7,0
336,0,0,2,3,4,3,5,7,6,6
337,0,1,2,3,4,5,0,1,3,2
338,0,0,2,3,4,5,5,0,4,2
339,0,0,2,3,0,0,5,0,4,5
340,0,0,2,3,0,0,5,0,4,5
341,0,0,2,3,0,0,5,0,4,5
342,0,1,0,1,1,2,6,5,2,7
343,0,1,0,1,1,2,6,5,2,7
344,0,1,0,1,1,2,6,5,2,7
345,0,0,1,3,0,5,0,0,1,2
346,0,1,0,0,3,5,2,4,5,8
347,0,1,0,0,3,5,2,4,5,8
348,0,1,0,0,3,5,2,4,5,8
349,0,1,0,0,3,5,2,4,1,8
350,0,1,0,1,1,3,2,4,6,6
351,0,0,2,3,4,0,5,0,4,2
352,0,1,2,0,4,5,0,1,1,4
353,0,1,2,0,4,5,0,1,1,4
354,0,1,2,0,4,5,0,1,1,4
355,0,1,2,0,4,5,0,1,1,4
356,0,1,0,0,3,5,0,1,1,3
357,0,1,0,0,3,5,0,4,1,3
358,0,0,1,2,0,1,4,2,7,0
359,0,0,1,2,2,1,4,2,7,0
360,0,1,2,3,4,3,5,7,6,4
361,0,1,2,3,4,3,5,7,6,4
362,0,0,2,3,4,3,5,7,4,4
363,0,0,2,3,4,3,5,7,6,4
364,0,0,2,3,0,5,0,0,1,2
365,0,0,2,3,0,0,2,0,4,8
366,0,0,2,3,4,0,5,0,4,6
367,0,0,2,3,0,0,4,0,5,2
368,0,0,1,2,0,1,4,2,7,2
369,0,0,2,3,4,0,5,7,6,6
370,0,0,1,2,0,1,4,0,5,2
371,0,1,0,0,3,5,0,4,5,2
372,0,0,2,3,4,5,0,1,0,2
373,0,1,0,0,3,2,6,1,3,1
374,0,1,0,0,3,4,0,1,3,1
375,0,0,2,3,4,3,2,3,5,8
376,0,1,0,0,3,5,0,1,0,3
377,0,1,0,1,1,2,6,5,2,7
378,0,1,0,1,1,3,6,1,6,4
379,0,0,2,3,0,0,4,0,1,5
380,0,0,2,3,0,0,4,0,1,5
381,0,0,2,3,0,0,4,0,1,5
382,0,0,1,0,3,5,0,1,1,8
383,0,1,0,1,1,2,6,5,2,7
384,0,1,0,1,3,3,2,4,3,1
385,0,1,2,3,4,3,2,7,6,4
386,0,0,2,3,4,5,2,3,1,8
387,0,0,1,2,2,1,3,0,5,2
388,0,0,1,2,2,1,3,4,5,2
389,0,1,1,0,3,4,1,6,8,9
390,0,0,2,3,2,3,3,3,6,8
391,0,0,2,0,3,5,0,1,1,3
392,0,0,2,0,3,5,0,1,1,3
393,0,1,0,0,3,5,0,1,3,3
394,0,0,1,2,2,1,3,2,7,0
395,0,0,1,2,0,1,4,0,7,2
396,0,1,2,3,4,5,0,7,0,4
397,0,1,2,3,4,3,5,7,0,4
398,0,1,2,3,4,3,5,7,0,4
399,0,1,2,3,4,3,5,7,0,4
400,0,0,2,3,4,3,5,7,0,4
401,0,0,2,3,4,3,5,7,0,4
402,0,0,2,3,4,3,5,7,0,4
403,0,0,2,3,4,5,0,1,1,3
404,0,0,2,3,0,0,5,0,4,5
405,0,0,1,2,0,1,4,2,7,2
406,0,0,2,3,0,5,4,0,1,8
407,0,0,2,3,4,3,5,7,0,4
408,0,0,1,0,3,5,0,4,5,8
409,0,1,0,0,3,4,1,6,8,9
410,0,0,1,0,0,5,0,1,1,3
411,0,1,1,0,2,5,2,4,5,8
412,0,1,1,0,2,5,2,4,5,8
413,0,0,2,3,4,5,0,0,5,2
414,0,0,2,3,4,0,5,0,1,2
415,0,0,2,3,4,0,5,7,4,6
416,0,1,2,1,4,3,5,7,6,6
417,0,1,2,3,4,3,5,7,6,6
418,0,0,1,2,0,1,4,2,7,0
419,0,0,1,2,0,1,4,3,7,8
420,0,1,2,3,4,3,2,7,6,4
421,0,0,1,2,2,3,2,3,5,8
422,0,0,1,2,2,3,2,3,5,8
423,0,0,1,2,2,3,2,3,5,8
424,0,0,2,3,2,3,2,3,6,8
425,0,0,2,0,0,5,0,1,1,3
426,0,1,0,1,1,2,6,5,2,7
427,0,1,2,3,3,5,0,4,1,3
428,0,1,0,0,3,5,0,1,0,3
429,0,1,0,0,3,5,0,1,0,3
430,0,1,0,0,3,5,0,1,3,1
431,0,0,2,3,0,5,4,0,1,2
432,0,1,0,1,1,2,6,5,2,7
433,0,0,1,2,0,5,0,1,1,2
434,0,0,1,2,0,1,4,2,7,2
435,0,0,1,2,0,1,4,2,7,0
436,0,0,1,2,0,1,4,2,7,0
437,0,0,1,2,0,1,4,2,7,0
438,0,1,0,1,1,2,6,5,2,7
439,0,0,2,3,4,0,2,4,5,6
440,0,1,2,3,4,5,0,1,1,4
441,0,1,2,3,4,5,2,1,1,3
442,0,1,2,3,4,3,2,7,6,4
443,0,0,2,3,4,5,5,1,0,4
444,0,1,2,3,4,3,2,7,6,4
445,0,0,2,3,0,5,0,1,1,3
446,0,0,1,0,3,5,0,1,1,3
447,0,0,2,3,4,3,2,3,5,8
448,0,0,2,3,4,3,2,3,5,8
449,0,1,2,3,4,3,2,3,5,8
450,0,1,2,3,4,3,2,3,5,8
451,0,1,0,1,1,2,6,5,2,7
452,0,1,0,0,4,3,2,7,0,4
453,0,1,0,0,3,2,6,1,3,1
454,0,1,0,3,4,5,0,1,0,3
455,0,0,2,3,4,0,5,0,4,5
456,0,1,2,3,4,5,5,7,0,3
457,0,1,2,3,2,5,3,4,5,2
458,0,1,2,3,4,5,0,1,1,3
459,0,1,2,3,4,3,0,1,6,1
460,0,0,2,3,4,3,2,3,6,2
461,0,1,1,0,3,4,1,6,3,1
462,0,1,1,0,3,4,1,6,3,1
463,0,0,1,2,2,1,3,3,5,1
464,0,1,0,1,4,3,2,4,6,6
465,0,0,1,2,0,1,4,2,7,2
466,0,0,2,3,4,0,5,7,4,5
467,0,0,2,3,4,3,5,7,4,4
468,0,0,1,0,3,5,0,1,1,2
469,0,1,0,0,3,5,0,4,3,3
470,0,1,0,1,4,3,2,7,0,4
471,0,1,2,3,4,0,5,7,4,6
472,0,1,0,0,2,3,2,3,6,6
473,0,1,0,0,3,4,1,6,8,9
474,0,1,2,3,4,3,2,4,6,6
475,0,1,0,1,1,2,6,5,2,7
476,0,0,1,2,2,1,3,2,7,8
477,0,0,2,3,2,3,2,3,5,8
478,0,0,2,3,0,0,5,0,4,5
479,0,1,2,3,4,3,5,7,0,4
480,0,1,0,0,3,5,0,1,1,3
481,0,1,2,3,4,5,2,1,1,3
482,0,1,2,1,4,3,5,7,6,6
483,0,1,2,1,1,2,6,5,2,7
484,0,1,1,0,3,4,1,6,8,9
485,0,0,2,3,0,0,4,0,4,2
486,0,0,2,3,4,3,2,3,6,8
487,0,0,1,2,2,3,3,3,5,1
488,0,0,1,2,2,3,3,3,5,1
489,0,1,0,0,3,5,0,4,1,3
490,0,0,2,3,2,0,2,3,4,6
491,0,1,2,3,2,3,2,4,5,6
492,0,1,2,3,4,3,2,1,6,4
493,0,0,2,3,2,5,3,0,5,2
494,0,0,2,3,4,0,5,7,4,5
495,0,0,2,3,4,0,5,7,4,5
496,0,0,2,3,0,0,5,0,4,5
497,0,0,2,3,0,5,4,0,1,2
498,0,0,2,3,4,5,0,1,1,3
499,0,1,0,0,3,5,0,1,0,3
500,0,1,0,0,3,5,0,1,0,3
501,0,1,0,0,3,5,0,1,0,3
502,0,1,0,1,1,2,6,5,2,7
503,0,1,0,0,3,5,0,1,5,8
504,0,1,0,0,3,2,6,6,3,1
505,0,1,0,0,3,2,6,6,3,1
506,0,1,0,0,3,2,6,1,3,1
507,0,1,0,1,1,2,6,5,2,7
508,0,0,2,3,0,0,4,0,1,2
509,0,1,2,3,4,5,0,1,1,4
510,0,1,0,0,3,5,0,1,0,4
511,0,1,0,0,3,5,0,1,0,4
512,0,1,2,3,4,3,2,3,5,4
513,0,1,2,3,4,3,2,3,5,6
514,0,1,1,0,3,4,1,6,8,9
515,0,1,0,0,3,4,1,4,3,1
516,0,0,2,3,0,0,5,0,4,5
517,0,1,0,1,4,3,2,3,6,4
518,0,1,0,1,4,3,2,3,6,4
519,0,1,0,1,4,3,2,4,6,4
520,0,1,2,3,4,3,2,7,6,4
521,0,1,0,0,3,3,2,1,6,4
522,0,1,0,0,3,4,1,6,8,9
523,0,1,0,0,3,4,1,6,8,9
524,0,0,1,2,0,5,4,1,1,2
525,0,0,1,2,0,5,3,1,3,2
526,0,0,1,2,0,5,3,0,3,2
527,0,0,1,2,2,5,3,1,3,2
528,0,0,2,3,0,0,4,0,1,2
529,0,1,0,0,3,5,0,1,1,3
530,0,0,1,2,0,0,4,0,5,2
531,0,1,2,3,4,3,5,7,6,4
532,0,1,2,3,4,3,5,7,6,4
533,0,1,2,3,4,3,5,7,6,4
534,0,1,2,3,4,3,5,7,6,4
535,0,0,1,2,0,1,4,2,7,0
536,0,1,2,3,4,3,2,1,6,4
537,0,1,2,0,3,5,0,4,1,3
538,0,0,1,0,2,5,3,3,5,2
539,0,0,1,2,2,3,2,3,5,8
540,0,1,2,3,4,3,5,7,6,6
541,0,0,1,2,2,3,3,3,5,8
542,0,0,1,0,3,3,0,3,1,4
543,0,1,0,1,1,2,6,5,2,7
544,0,1,2,3,4,3,2,7,6,4
545,0,1,2,3,4,3,2,3,6,8
546,0,0,2,3,4,3,2,7,6,6
547,0,0,2,3,4,3,5,7,0,4
548,0,0,1,2,0,1,4,2,7,0
549,0,1,1,0,2,5,3,1,3,1
550,0,1,0,0,3,5,0,1,0,1
551,0,1,0,0,3,2,0,1,0,3
552,0,0,2,3,0,5,0,0,1,2
553,0,1,2,3,4,5,0,1,1,3
554,0,0,1,2,0,1,4,2,7,0
555,0,0,2,3,4,3,5,7,0,4
556,0,0,1,2,2,1,3,3,3,1
557,0,0,1,2,0,1,4,2,7,0
558,0,1,2,3,4,3,2,7,6,4
559,0,0,2,3,4,0,2,3,4,8
560,0,0,2,3,4,0,5,7,4,6
561,0,1,0,0,3,3,0,1,0,4
562,0,1,0,0,3,3,0,1,0,4
563,0,0,1,2,0,1,4,2,7,0
564,0,0,1,2,0,1,4,2,7,0
565,0,0,1,2,0,0,4,0,1,2
566,0,0,1,2,0,1,4,0,1,2
567,0,0,2,3,0,0,4,0,1,2
568,0,1,0,1,1,2,6,5,2,7
569,0,0,2,3,4,0,5,4,4,6
570,0,1,0,1,1,2,6,5,3,7
571,0,1,0,1,1,2,6,5,2,7
572,0,1,0,0,3,4,1,6,3,1
573,0,0,1,2,0,5,4,0,1,8
574,0,1,0,1,1,2,6,5,2,7
575,0,0,2,3,2,3,2,3,6,8
576,0,0,1,2,0,5,4,0,1,2
577,0,0,1,2,0,5,4,0,1,2
578,0,0,1,2,0,5,4,0,1,2
579,0,0,2,3,4,5,2,3,5,8
580,0,0,1,2,2,5,3,3,5,8
581,0,1,0,0,3,5,0,1,0,4
582,0,1,0,0,3,5,0,3,1,1
583,0,0,2,3,0,0,4,0,4,8
584,0,0,2,3,0,5,0,1,1,2
585,0,0,1,2,0,1,4,2,7,0
586,0,0,2,3,4,5,0,1,1,3
587,0,1,2,1,4,3,2,7,6,4
588,0,0,2,3,4,3,2,3,5,4
589,0,1,0,1,4,3,2,7,6,4
590,0,0,1,2,2,1,3,2,7,0
591,0,0,1,2,2,1,3,2,7,0
592,0,0,2,3,4,0,2,4,1,6
593,0,1,0,0,3,5,0,1,1,3
594,0,0,1,2,2,1,4,3,7,8
595,0,0,1,2,0,1,4,2,7,0
596,0,0,1,2,0,1,4,2,7,0
597,0,0,2,3,0,5,0,1,1,2
598,0,1,2,3,4,3,2,4,5,6
599,0,1,2,3,4,3,2,4,6,6
600,0,1,2,3,4,3,5,7,4,6
601,0,1,2,3,4,3,2,7,6,6
602,0,1,2,3,4,3,5,7,6,4
603,0,1,2,3,4,3,2,7,6,6
604,0,1,2,3,4,3,2,7,6,6
605,0,1,0,1,4,3,2,3,6,4
606,0,1,2,3,4,3,2,7,6,6
607,0,0,1,2,0,1,4,4,5,8
608,0,0,1,2,2,1,4,4,5,8
609,0,1,2,3,4,0,2,3,6,6
610,0,0,2,3,0,0,4,0,4,5
611,0,0,2,3,0,0,5,0,4,5
612,0,0,2,3,0,5,4,0,1,2
613,0,1,2,3,4,3,5,7,6,6
614,0,0,2,3,4,3,2,7,6,6
615,0,1,0,0,3,5,0,1,1,3
616,0,0,2,3,4,0,5,7,4,5
617,0,1,0,1,2,2,3,3,3,1
618,0,1,1,0,3,4,1,6,8,9
619,0,1,0,1,1,2,6,5,6,7
620,0,0,2,3,4,0,2,3,6,8
621,0,0,2,3,4,0,2,3,6,8
622,0,1,0,1,3,4,1,6,8,9
623,0,0,1,2,2,4,3,3,5,8
624,0,1,0,0,3,5,0,1,3,1
625,0,0,2,3,0,0,4,0,4,2
626,0,1,2,3,4,5,0,1,3,6
627,0,1,1,0,3,4,1,6,3,1
628,0,1,0,1,1,2,6,5,2,7
629,0,1,0,1,2,2,3,4,3,1
630,0,0,1,2,0,1,4,2,7,0
631,0,1,2,3,3,5,0,1,1,3
632,0,1,0,1,3,5,2,1,1,3
633,0,0,2,3,4,5,2,0,1,2
634,0,0,2,3,0,0,4,0,4,2
635,0,1,2,3,4,5,2,4,1,8
636,0,0,1,2,2,1,3,2,7,0
637,0,0,2,3,0,0,3,0,4,2
638,0,1,2,1,4,3,2,7,6,6
639,0,1,2,3,4,3,5,7,6,6
640,0,1,2,1,4,3,2,7,6,6
641,0,0,1,2,0,1,4,2,7,0
642,0,1,0,0,3,2,6,5,2,7
643,0,0,2,3,4,3,5,7,6,4
644,0,0,2,3,4,3,2,7,6,4
645,0,0,2,3,4,3,5,7,6,4
646,0,0,2,3,4,5,0,1,1,3
647,0,1,0,0,3,4,1,6,8,9
648,0,0,1,2,0,1,4,2,7,8
649,0,0,1,2,0,1,4,2,5,8
650,0,0,1,2,2,1,3,3,5,8
651,0,0,2,3,4,0,5,7,4,5
652,0,0,2,3,4,3,5,7,4,4
653,0,0,1,0,3,1,4,1,8,8
654,0,1,2,3,4,5,0,1,1,3
655,0,1,0,0,3,5,0,1,1,3
656,0,1,0,0,3,5,0,1,0,3
657,0,1,0,0,3,5,0,1,0,3
658,0,1,0,0,3,5,0,1,0,3
659,0,0,1,2,2,1,4,3,7,8
660,0,0,2,3,4,3,2,3,5,8
661,0,0,2,0,4,3,2,1,1,4
662,0,1,0,0,3,5,0,4,0,1
663,0,1,0,0,3,3,2,4,0,4
664,0,1,0,0,3,3,2,4,0,4
665,0,1,0,1,1,2,6,5,2,7
666,0,0,1,2,0,1,4,0,7,2
667,0,1,0,0,3,3,2,3,6,1
668,0,1,0,0,3,3,2,3,6,1
669,0,1,0,0,3,3,2,3,6,1
670,0,1,0,0,3,3,2,3,6,1
671,0,1,0,0,3,5,0,1,1,3
672,0,1,0,0,3,5,0,1,1,3
673,0,1,2,3,4,5,0,1,1,3
674,0,1,0,0,3,5,0,1,1,3
675,0,0,1,2,2,1,3,3,5,8
676,0,1,0,1,4,3,2,3,6,6
677,0,1,2,3,4,3,5,7,6,4
678,0,0,1,2,2,1,3,2,7,0
679,0,0,1,2,0,1,4,2,7,0
680,0,0,1,2,0,1,4,2,7,0
681,0,1,2,1,4,3,2,4,6,6
682,0,0,1,2,2,5,3,3,5,1
683,0,1,1,0,3,5,0,1,1,3
684,0,1,2,0,3,5,0,1,1,3
685,0,1,2,0,3,5,0,1,1,3
686,0,1,2,0,3,5,0,1,1,3
687,0,0,1,2,2,1,3,2,7,0
688,0,0,1,2,0,1,4,0,7,2
689,0,0,2,3,4,5,0,0,1,2
690,0,0,2,3,4,5,0,0,1,2
691,0,1,0,0,3,4,1,4,3,1
692,0,1,2,3,4,5,0,1,1,3
693,0,1,2,3,4,3,5,7,0,4
694,0,1,0,0,3,4,1,6,8,9
695,0,0,1,2,2,1,3,3,5,8
696,0,0,1,2,0,1,4,0,5,2
697,0,0,1,2,0,1,4,0,5,2
698,0,0,1,2,0,1,4,0,5,2
699,0,0,1,2,2,5,3,0,5,2
700,0,1,1,0,3,4,1,6,8,9
701,0,1,1,2,2,3,3,3,5,1
702,0,1,1,0,3,5,0,1,1,8
703,0,0,1,0,3,4,1,6,1,8
704,0,0,2,3,0,0,4,0,1,2
705,0,0,1,2,0,0,4,0,4,2
706,0,1,1,0,3,4,1,6,8,9
707,0,0,1,2,2,4,3,3,5,8
708,0,0,1,2,2,1,3,3,5,8
709,0,0,1,2,2,1,2,3,5,8
710,0,1,1,0,2,5,3,3,5,1
711,0,1,1,0,2,4,3,4,5,1
712,0,0,1,2,0,1,4,2,7,0
713,0,1,0,0,3,2,0,1,1,3
714,0,1,0,0,3,5,0,1,1,3
715,0,1,0,0,3,5,0,1,1,3
716,0,0,1,2,2,1,4,2,7,8
717,0,0,1,2,0,1,4,0,7,2
718,0,1,0,1,1,2,6,5,2,7
719,0,1,1,0,3,4,1,6,8,9
720,0,0,2,3,0,0,4,0,5,2
721,0,0,2,3,4,3,5,7,0,4
722,0,1,2,3,4,3,5,7,0,4
723,0,0,2,3,4,3,5,7,0,4
724,0,0,2,3,4,3,2,7,5,4
725,0,1,0,1,1,2,6,5,2,7
726,0,0,2,3,0,0,4,0,4,5
727,0,0,2,3,0,0,4,0,1,2
728,0,0,2,3,0,0,4,0,1,2
729,0,0,2,3,0,0,4,0,1,2
730,0,0,2,3,4,0,5,3,4,5
731,0,1,2,3,4,3,5,7,6,4
732,0,0,1,2,0,1,4,3,5,8
733,0,0,2,3,0,0,4,3,5,8
734,0,0,2,3,0,0,4,3,5,8
735,0,0,2,3,0,0,4,3,5,8
736,0,0,1,2,2,1,4,3,7,8
737,0,0,2,3,0,0,4,0,4,5
738,0,1,0,0,3,4,1,6,3,1
739,0,1,0,0,3,5,0,1,3,1
740,0,1,1,0,2,5,3,1,3,1
741,0,0,1,0,2,5,3,3,3,1
742,0,1,0,0,3,5,2,4,5,1
743,0,1,2,0,2,3,2,4,5,8
744,0,0,2,3,0,5,4,0,1,2
745,0,1,0,0,3,4,1,6,8,9
746,0,1,0,0,2,3,2,4,5,8
747,0,1,0,0,4,3,2,3,5,8
748,0,1,0,1,1,2,6,5,2,7
749,0,0,2,3,4,0,2,4,5,6
750,0,1,0,1,4,3,2,7,6,6
751,0,0,1,2,0,1,4,0,5,8
752,0,1,2,1,4,3,2,3,6,6
753,0,1,2,1,4,3,2,3,6,6
754,0,0,2,3,0,5,4,0,1,2
755,0,0,2,3,0,0,5,0,4,5
756,0,0,2,3,4,0,5,7,4,5
757,0,0,2,3,0,0,4,0,4,5
758,0,0,1,2,2,1,4,2,8,8
759,0,0,2,3,4,3,2,3,5,8
760,0,0,2,3,4,3,2,3,5,8
761,0,1,2,3,4,3,2,4,5,8
762,0,0,2,3,4,3,2,4,5,8
763,0,0,2,3,4,3,2,4,5,8
764,0,0,1,0,3,4,1,6,8,9
765,0,1,1,0,3,5,3,1,3,1
766,0,1,2,3,4,3,2,4,5,8
767,0,1,2,3,4,3,2,4,5,8
768,0,1,2,3,4,3,2,4,5,8
769,0,0,2,3,4,3,2,1,0,4
770,0,0,2,3,4,5,0,0,1,3
771,0,0,1,2,2,3,2,3,6,8
772,0,1,0,0,3,5,0,1,1,3
773,0,1,0,0,3,5,0,1,1,3
774,0,0,1,2,2,3,2,3,5,8
775,0,0,1,2,2,3,2,3,5,8
776,0,0,1,2,2,1,3,2,7,0
777,0,0,1,2,2,1,3,3,5,8
778,0,1,2,3,4,5,2,4,1,8
779,0,1,2,3,4,5,2,4,1,8
780,0,1,2,3,4,5,2,4,1,8
781,0,1,2,3,4,5,2,4,1,8
782,0,0,1,0,3,5,0,4,1,3
783,0,0,1,2,0,0,4,0,5,2
784,0,0,1,2,2,1,4,3,5,8
785,0,0,1,2,2,3,2,3,5,8
786,0,0,2,3,4,3,2,3,6,8
787,0,0,2,3,4,3,2,3,6,4
788,0,0,2,3,4,3,2,4,5,8
789,0,0,2,3,4,0,2,0,5,8
790,0,0,1,0,3,5,3,1,3,1
791,0,0,1,0,2,5,3,1,3,1
792,0,0,1,0,2,5,3,1,3,1
793,0,1,0,1,1,2,6,5,2,7
794,0,1,0,1,1,2,6,5,6,7
795,0,0,2,3,4,3,2,3,1,8
796,0,0,2,3,0,5,4,0,1,2
797,0,0,2,3,0,5,4,0,5,2
798,0,0,2,3,0,5,4,0,5,2
799,0,0,2,3,0,5,4,0,5,2
800,0,0,2,2,0,0,4,0,4,5
801,0,0,1,2,0,1,4,2,7,0
802,0,1,0,0,3,4,1,6,8,4
803,0,1,0,1,3,2,6,1,0,4
804,0,1,0,1,1,2,2,4,5,8
805,0,1,0,0,3,3,2,7,0,4
806,0,0,2,3,4,0,2,4,5,6
807,0,0,1,2,2,1,3,0,5,2
808,0,1,2,3,4,5,0,1,1,3
809,0,1,0,0,3,5,0,1,0,3
810,0,0,2,3,0,5,0,1,1,3
811,0,1,0,0,3,4,1,6,0,4
812,0,1,0,1,1,2,6,5,2,7
813,0,1,0,0,3,5,0,1,3,1
814,0,1,2,0,3,5,0,1,1,3
815,0,1,2,0,3,5,0,1,1,3
816,0,0,2,3,0,0,5,0,4,5
817,0,0,2,3,0,0,5,0,4,5
818,0,0,1,2,2,1,3,2,7,0
819,0,0,1,2,2,1,3,2,7,0
820,0,1,2,3,4,3,0,1,6,4
821,0,0,2,3,0,5,0,0,1,3
822,0,0,1,2,0,5,0,0,1,2
823,0,1,2,0,3,5,0,1,0,3
824,0,1,0,1,1,2,6,4,2,6
825,0,0,2,3,4,0,5,7,1,5
826,0,1,2,3,4,5,0,1,1,3
827,0,1,2,3,4,3,2,4,1,8
828,0,1,2,3,4,3,2,7,6,6
829,0,0,2,3,0,0,5,0,4,5
830,0,0,2,3,0,0,4,0,4,2
831,0,0,2,3,4,0,2,0,4,5
832,0,1,2,3,4,3,2,4,5,8
833,0,0,2,3,4,0,2,4,5,8
834,0,1,2,3,4,3,5,7,0,4
835,0,0,1,0,3,4,1,6,8,9
836,0,0,2,3,4,3,2,3,6,6
837,0,1,0,1,4,3,2,7,6,4
838,0,1,0,1,4,3,2,7,6,4
839,0,1,0,1,4,3,2,7,6,4
840,0,1,2,0,3,5,0,1,0,4
841,0,1,2,3,4,3,2,7,6,4
842,0,0,2,3,4,5,0,1,1,3
843,0,0,2,3,4,0,5,0,1,2
844,0,1,1,0,3,4,1,6,8,9
845,0,1,0,0,3,3,2,4,0,4
846,0,1,2,1,4,3,2,7,6,6
847,0,1,2,1,4,3,2,7,6,6
848,0,1,0,0,3,3,2,4,6,8
849,0,0,2,3,4,3,5,7,6,4
850,0,1,0,0,3,5,0,1,0,4
851,0,1,0,0,3,5,0,1,0,4
852,0,0,1,2,0,1,4,2,7,0
853,0,1,2,3,4,3,0,1,6,4
854,0,0,2,3,4,3,2,3,5,8
855,0,0,2,3,4,3,2,3,5,8
856,0,0,2,3,4,3,2,3,5,8
857,0,1,2,3,4,3,5,7,0,4
858,0,1,2,3,4,3,2,1,6,4
859,0,1,2,3,4,3,2,1,6,4
860,0,1,2,3,4,3,2,1,6,4
861,0,1,0,1,1,2,6,5,2,7
862,0,1,0,1,1,2,6,5,2,7
863,0,1,0,0,3,3,0,1,0,4
864,0,1,2,3,4,3,2,7,6,4
865,0,1,0,1,4,3,2,7,6,4
866,0,1,0,1,4,3,2,7,6,4
867,0,1,0,1,1,2,6,5,2,7
868,0,1,0,0,3,5,0,1,3,1
869,0,1,0,0,3,5,0,1,3,3
870,0,1,0,0,3,5,0,1,3,3
871,0,1,0,0,3,3,0,1,3,1
872,0,1,2,3,4,3,2,3,5,8
873,0,0,1,2,0,1,4,2,7,0
874,0,1,0,0,3,5,0,1,0,3
875,0,1,2,3,4,5,2,4,1,8
876,0,1,2,3,4,5,2,4,1,8
877,0,1,2,3,4,5,2,4,1,8
878,0,1,2,3,4,5,2,4,1,8
879,0,1,2,3,4,3,5,7,0,6
880,0,1,0,0,4,3,0,7,0,4
881,0,1,0,1,4,3,2,3,6,4
882,0,1,0,0,3,3,2,1,6,4
883,0,0,2,3,4,3,2,3,5,2
884,0,0,2,3,4,3,5,7,4,4
885,0,1,0,1,1,2,6,5,2,7
886,0,1,2,3,4,3,2,7,6,4
887,0,1,0,1,1,2,6,5,2,7
888,0,1,2,3,4,5,5,7,0,3
889,0,1,0,0,3,5,0,1,0,3
890,0,1,0,1,3,3,2,3,6,1
891,0,1,2,3,4,3,2,7,6,4
892,0,0,1,2,0,0,4,0,4,5
893,0,0,2,3,4,3,2,3,5,8
894,0,0,2,3,0,5,0,0,1,2
895,0,0,2,3,4,0,5,7,6,5
896,0,1,2,0,3,3,0,1,0,4
897,0,1,2,3,4,3,2,7,6,4
898,0,0,1,2,2,1,4,2,7,0
899,0,1,2,1,4,3,2,4,6,6
900,0,1,2,3,4,3,5,7,0,4
901,0,0,2,3,0,5,0,1,1,3
902,0,0,2,3,0,5,0,1,1,3
903,0,0,2,0,3,5,0,1,1,3
904,0,0,1,2,0,1,4,2,7,0
905,0,1,2,3,4,5,0,4,1,3
906,0,0,2,3,0,0,4,0,4,5
907,0,0,2,3,0,0,5,0,4,5
908,0,0,2,3,4,0,5,7,1,3
909,0,1,2,3,4,3,0,7,6,4
910,0,1,0,0,3,5,0,1,3,3
911,0,1,2,3,4,3,2,7,6,4
912,0,0,2,3,0,0,4,0,4,5
913,0,0,2,3,4,0,2,0,4,5
914,0,1,2,0,3,5,0,4,1,3
915,0,1,0,0,3,4,1,6,8,9
916,0,1,0,1,4,3,5,7,6,4
917,0,1,2,3,4,5,2,4,1,6
918,0,1,0,0,3,5,3,1,3,1
919,0,1,2,1,4,3,2,7,6,6
920,0,1,2,3,4,3,2,4,5,6
921,0,0,2,3,4,3,2,4,5,8
922,0,1,0,0,3,4,1,3,3,1
923,0,1,0,0,3,4,1,3,3,1
924,0,1,0,0,3,4,1,3,3,1
925,0,1,0,0,3,4,1,3,3,1
926,0,1,1,0,3,4,1,6,8,9
927,0,1,2,0,3,5,0,1,1,3
928,0,0,2,3,4,0,2,3,5,8
929,0,1,0,1,1,2,6,5,2,7
930,0,1,0,1,4,3,5,7,6,4
931,0,1,0,1,1,2,6,5,2,7
932,0,1,2,1,4,3,2,7,6,4
933,0,1,2,1,4,3,2,7,6,4
934,0,1,0,0,3,5,0,1,3,3
935,0,0,1,2,0,1,4,2,7,0
936,0,1,0,0,3,5,0,1,1,3
937,0,1,1,0,3,5,0,1,1,3
938,0,1,1,0,3,5,0,1,1,3
939,0,1,1,0,3,5,0,1,1,3
940,0,1,2,3,4,3,2,1,6,4
941,0,1,2,3,4,3,2,1,6,4
942,0,1,2,3,4,3,2,1,6,4
943,0,1,0,1,1,2,6,5,2,7
944,0,1,2,0,4,3,2,1,6,4
945,0,1,0,0,3,5,0,1,3,3
946,0,1,0,0,4,5,0,1,3,3
947,0,1,0,0,3,5,0,1,3,3
948,0,0,2,3,2,3,3,3,5,2
949,0,1,2,1,4,3,2,7,6,6
950,0,1,0,1,4,3,2,7,6,6
951,0,0,2,3,4,0,2,3,5,8
952,0,0,2,3,4,0,2,3,5,8
953,0,0,2,3,4,0,2,3,5,8
954,0,0,2,3,4,0,5,7,4,5
955,0,1,0,1,4,3,2,3,5,8
956,0,1,2,3,4,5,2,4,5,6
957,0,1,0,1,2,3,2,3,5,8
958,0,1,0,1,2,3,2,3,5,8
959,0,1,0,1,2,3,2,3,5,8
960,0,0,1,2,2,3,3,3,5,8
961,0,0,1,2,0,1,4,2,7,0
962,0,1,0,0,3,4,1,6,8,9
963,0,1,1,0,2,5,3,3,3,1
964,0,1,1,0,2,5,3,3,3,1
965,0,0,1,2,0,1,4,2,7,2
966,0,1,1,0,3,5,0,1,3,1
967,0,1,0,0,1,2,6,5,3,7
968,0,1,0,0,3,5,2,4,3,1
969,0,1,0,0,3,5,0,1,3,3
970,0,1,0,0,3,5,0,1,0,3
971,0,0,1,0,2,5,3,1,3,1
972,0,1,2,3,4,5,0,1,3,1
973,0,1,0,0,3,5,0,1,3,1
974,0,1,0,0,3,5,2,4,1,3
975,0,1,0,0,4,3,2,1,6,4
976,0,0,1,2,2,1,3,3,5,1
977,0,0,1,2,3,4,1,6,8,1
978,0,1,2,3,4,3,5,7,0,4
979,0,1,2,3,4,3,5,7,0,4
980,0,0,2,3,4,0,5,0,4,5
981,0,1,2,3,4,3,5,7,0,4
982,0,1,2,3,4,0,2,4,5,6
983,0,1,2,3,4,3,5,7,6,4
984,0,1,0,0,3,4,1,6,8,9
985,0,1,0,1,1,2,6,5,0,4
986,0,0,2,3,0,0,5,0,4,5
987,0,0,2,3,0,0,5,0,4,5
988,0,1,2,3,4,3,2,7,0,4
989,0,1,2,3,4,3,2,7,0,4
990,0,0,2,3,4,0,5,7,4,5
991,0,0,2,3,4,0,5,7,4,5
992,0,0,1,2,0,1,4,0,5,2
993,0,1,0,0,3,4,1,6,8,1
994,0,1,0,0,3,4,1,6,8,1
995,0,1,0,0,3,4,1,6,8,9
996,0,1,0,0,3,4,1,6,8,9
997,0,1,0,0,3,4,1,6,8,9
998,0,1,0,0,3,4,0,1,3,1
999,0,1,0,1,1,2,6,5,2,7
1000,0,1,0,0,3,5,0,1,0,3
1001,0,0,2,3,0,0,4,0,4,5
1002,0,1,0,0,3,5,0,1,1,3
1003,0,0,2,3,4,3,2,3,6,8
1004,0,0,2,3,4,3,2,4,6,8
1005,0,1,2,3,4,3,2,7,6,6
1006,0,1,2,3,4,3,2,7,6,6
1007,0,1,0,1,1,2,6,5,2,7
1008,0,0,1,2,2,1,3,2,5,2
1009,0,1,0,1,1,2,6,5,2,7
1010,0,0,2,3,4,5,2,1,1,2
1011,0,0,1,2,2,1,3,4,5,8
1012,0,1,2,3,4,3,5,7,0,4
1013,0,0,1,2,0,1,4,2,7,0
1014,0,1,0,1,4,3,2,4,6,4
1015,0,0,2,3,4,3,5,7,6,6
1016,0,1,2,3,4,3,2,3,6,8
1017,0,0,2,3,4,5,0,1,1,2
1018,0,1,0,0,3,5,0,1,1,3
1019,0,0,1,2,0,5,4,0,1,2
1020,0,0,2,3,0,0,5,0,4,2
1021,0,0,1,0,3,5,0,1,3,2
1022,0,0,1,0,0,5,0,1,3,2
1023,0,1,0,0,3,5,0,1,1,1
1024,0,0,1,2,0,1,4,2,7,0
1025,0,1,1,0,2,5,3,4,5,1
1026,0,1,0,0,3,5,0,1,1,3
1027,0,1,0,0,3,3,2,4,5,8
1028,0,1,0,0,3,5,0,1,1,3
1029,0,1,2,0,3,5,0,1,1,3
1030,0,1,0,1,1,2,6,5,2,7
1031,0,0,1,2,3,5,4,1,1,8
1032,0,1,0,0,3,4,1,6,8,9
1033,0,1,0,0,3,4,1,6,8,9
1034,0,1,0,0,3,4,1,6,8,9
1035,0,1,0,0,3,4,1,6,8,9
1036,0,0,1,2,0,1,4,2,7,0
1037,0,0,1,0,3,5,0,1,3,2
1038,0,1,2,0,3,5,0,4,1,3
1039,0,0,2,3,4,3,5,7,0,4
1040,0,0,2,3,4,3,5,7,6,4
1041,0,0,2,3,0,5,0,0,1,3
1042,0,1,0,0,3,5,0,4,0,3
1043,0,0,2,3,0,5,0,1,1,1
1044,0,1,1,0,2,4,3,3,5,1
1045,0,0,1,0,2,4,3,3,5,1
1046,0,0,1,0,2,4,3,3,5,1
1047,0,0,1,0,2,4,3,3,5,1
1048,0,0,1,2,2,1,3,2,3,1
1049,0,0,1,2,2,1,3,2,7,0
1050,0,0,1,2,2,1,3,2,3,1
1051,0,0,1,2,2,5,3,3,3,1
1052,0,0,1,2,2,5,3,3,3,1
1053,0,0,1,2,2,4,3,3,8,1
1054,0,1,0,1,1,2,6,5,2,7
1055,0,1,2,0,2,5,2,3,5,8
1056,0,1,0,0,3,4,1,6,3,1
1057,0,1,0,0,3,4,1,6,3,1
1058,0,1,0,0,3,4,1,6,3,1
1059,0,0,2,3,0,5,4,0,5,2
1060,0,1,0,1,1,3,2,4,6,6
1061,0,1,0,0,4,3,2,7,6,4
1062,0,1,2,3,4,3,5,1,0,4
1063,0,1,0,0,4,3,0,1,0,4
1064,0,1,0,0,3,3,0,1,0,4
1065,0,1,0,1,3,3,0,1,0,4
1066,0,1,0,1,1,2,6,4,2,7
1067,0,1,0,1,1,3,2,4,6,4
1068,0,1,2,3,4,5,0,1,1,3
1069,0,0,2,3,0,0,0,0,1,2
1070,0,0,2,3,0,0,0,0,1,2
1071,0,1,0,0,3,5,0,1,3,1
1072,0,1,2,3,4,3,2,7,6,6
1073,0,1,2,3,4,3,2,7,6,6
1074,0,1,2,3,4,3,2,7,6,4
1075,0,1,2,3,4,3,2,7,6,6
1076,0,0,1,2,2,1,3,2,7,0
1077,0,0,1,2,2,1,3,2,5,2
1078,0,0,2,3,2,3,2,4,5,8
1079,0,0,2,3,2,3,2,4,5,8
1080,0,0,2,3,2,3,2,4,5,8
1081,0,0,2,3,2,3,2,4,5,8
1082,0,1,0,1,1,2,6,5,2,7
1083,0,0,2,3,0,5,0,0,1,2
1084,0,1,0,1,3,2,0,1,3,1
1085,0,1,0,1,3,2,0,1,3,1
1086,0,0,2,3,0,5,4,0,5,2
1087,0,0,2,3,0,5,4,0,5,2
1088,0,1,0,0,3,5,0,1,1,3
1089,0,1,0,1,1,3,2,5,6,4
1090,0,1,2,1,1,2,6,5,6,6
1091,0,1,2,1,4,3,2,7,6,6
1092,0,1,0,1,1,4,1,6,8,9
1093,0,1,2,3,4,5,0,1,1,3
1094,0,1,0,0,4,3,0,1,6,4
1095,0,1,2,3,4,5,0,1,1,3
1096,0,0,2,3,0,5,0,1,1,2
1097,0,1,0,1,1,2,6,5,2,7
1098,0,1,2,1,4,3,2,4,6,6
1099,0,0,2,3,4,3,2,3,6,8
1100,0,1,0,0,3,3,0,1,0,4
1101,0,1,0,1,4,3,5,7,6,4
1102,0,0,1,2,2,1,4,3,8,8
1103,0,0,1,2,2,1,3,3,5,2
1104,0,0,1,2,2,1,3,3,5,1
1105,0,1,2,1,4,3,2,3,6,6
1106,0,0,1,2,0,0,4,0,4,2
1107,0,0,2,3,2,0,3,0,4,6
1108,0,0,1,2,2,0,3,3,4,6
1109,0,1,0,1,4,3,2,7,6,4
1110,0,1,0,1,1,2,6,5,0,4
1111,0,1,2,3,4,3,2,7,6,6
1112,0,1,0,0,3,4,1,6,8,9
1113,0,0,2,3,0,5,0,0,1,2
1114,0,1,2,3,4,5,0,1,1,3
1115,0,1,2,3,4,5,0,1,1,3
1116,0,0,2,3,4,5,0,1,3,2
1117,0,1,2,3,3,5,0,1,3,3
1118,0,0,2,3,4,0,5,7,4,5
1119,0,1,2,3,4,5,2,4,5,8
1120,0,1,2,3,4,3,2,7,6,4
1121,0,1,2,3,4,3,2,7,6,4
1122,0,1,2,3,4,3,2,7,6,6
1123,0,0,2,3,4,5,0,0,1,2
1124,0,1,0,1,1,2,6,5,2,7
1125,0,0,2,3,0,0,5,0,4,5
1126,0,1,0,0,3,5,0,1,0,3
1127,0,1,0,0,3,5,0,1,0,3
1128,0,1,0,0,3,4,1,6,3,9
1129,0,1,0,0,3,5,0,1,0,4
1130,0,1,0,1,1,2,6,5,2,7
1131,0,1,2,3,4,5,2,7,6,6
1132,0,1,2,3,4,3,2,7,6,4
1133,0,0,2,3,0,0,4,0,1,5
1134,0,0,2,3,0,0,4,0,4,5
1135,0,0,2,3,4,0,5,0,4,5
1136,0,1,1,0,3,4,1,6,8,9
1137,0,1,2,3,4,3,2,1,6,4
1138,0,1,2,3,4,3,2,1,6,4
1139,0,0,2,3,4,3,2,3,5,6
1140,0,0,2,3,4,3,2,3,4,6
1141,0,1,0,1,1,2,6,5,2,7
1142,0,0,1,0,3,5,0,1,1,2
1143,0,0,2,3,4,0,5,0,4,2
1144,0,1,0,0,3,3,0,1,0,4
1145,0,1,2,3,4,3,2,3,6,4
1146,0,0,2,3,4,3,5,7,6,4
1147,0,0,1,2,0,1,4,2,7,0
1148,0,0,2,3,0,0,4,0,4,5
1149,0,1,0,0,3,5,0,1,3,1
1150,0,0,2,3,4,0,2,0,4,6
1151,0,1,0,0,3,5,0,1,0,3
1152,0,0,1,2,2,5,3,1,0,2
1153,0,1,0,0,3,5,0,1,1,3
1154,0,0,2,3,4,5,0,1,1,3
1155,0,0,2,3,4,5,0,1,1,3
1156,0,1,1,0,3,4,1,6,3,1
1157,0,0,1,2,0,1,4,2,7,0
1158,0,0,2,3,4,0,5,7,4,5
1159,0,0,2,3,4,0,5,7,4,5
1160,0,0,2,3,4,0,5,7,4,5
1161,0,0,2,3,4,5,2,3,1,8
1162,0,1,2,3,4,5,0,1,1,3
1163,0,0,2,3,4,0,5,7,4,6
1164,0,0,2,3,2,3,3,3,5,1
1165,0,0,2,3,2,3,3,3,5,1
1166,0,0,2,3,2,3,3,3,5,1
1167,0,0,2,3,2,3,3,3,5,1
1168,0,1,0,0,3,4,1,6,8,9
1169,0,1,0,0,4,3,2,1,6,4
1170,0,0,2,3,4,3,2,3,6,6
1171,0,1,2,1,4,3,2,3,6,6
1172,0,1,0,1,1,2,6,5,2,7
1173,0,1,0,1,3,3,2,4,3,6
1174,0,0,2,3,4,3,2,3,6,8
1175,0,1,2,0,3,5,0,1,0,3
1176,0,0,2,3,0,5,3,0,5,2
1177,0,0,2,3,2,5,3,0,5,2
1178,0,0,2,3,2,5,3,0,5,2
1179,0,0,2,3,2,5,3,0,5,2
1180,0,0,1,2,0,1,4,2,7,0
1181,0,1,0,1,4,3,2,1,0,4
1182,0,1,2,3,4,5,0,1,1,3
1183,0,1,1,0,3,4,1,6,3,1
1184,0,1,0,0,3,4,1,6,8,9
1185,0,1,2,0,3,3,0,1,0,4
1186,0,1,0,1,1,2,6,5,2,7
1187,0,1,1,0,3,4,1,6,8,9
1188,0,1,0,1,3,4,1,6,8,9
1189,0,1,2,3,4,3,2,7,6,4
1190,0,1,2,3,4,3,2,7,6,4
1191,0,1,2,3,4,3,2,7,6,4
1192,0,1,0,1,1,2,6,5,2,7
1193,0,1,2,0,3,5,0,1,3,2
1194,0,0,1,2,0,1,4,0,7,2
1195,0,0,1,2,0,1,4,0,1,2
1196,0,0,1,0,3,4,2,4,8,8
1197,0,0,1,0,3,3,2,4,8,8
1198,0,0,1,2,2,1,4,2,7,0
1199,0,0,1,2,2,1,3,2,7,0
1200,0,0,2,3,4,0,5,7,4,6
1201,0,0,2,3,4,0,5,0,4,6
1202,0,0,2,3,4,0,5,0,4,6
1203,0,0,2,3,4,0,5,7,4,6
1204,0,1,0,1,2,4,2,4,8,8
1205,0,0,1,0,2,5,3,1,3,1
1206,0,0,2,3,0,0,4,0,4,2
1207,0,0,1,2,0,0,4,0,4,2
1208,0,0,1,2,2,1,3,2,7,0
1209,0,0,1,2,2,1,3,3,3,1
1210,0,1,0,0,3,5,0,1,1,3
1211,0,1,2,0,3,5,0,1,1,3
1212,0,1,0,1,4,3,2,7,0,4
1213,0,1,0,1,4,3,2,7,0,4
1214,0,1,0,1,4,3,2,7,6,4
1215,0,0,1,2,0,1,4,2,7,0
1216,0,1,0,3,4,3,2,1,6,4
1217,0,0,2,3,0,0,5,0,4,5
1218,0,1,0,0,3,4,2,4,3,1
1219,0,0,2,3,0,0,4,0,4,5
1220,0,1,0,0,3,4,1,6,3,1
1221,0,0,1,2,0,1,4,2,7,0
1222,0,0,1,2,2,1,3,3,5,2
1223,0,0,2,3,4,3,2,3,6,8
1224,0,0,2,3,4,3,2,3,6,8
1225,0,0,2,3,4,3,5,7,4,4
1226,0,0,2,3,4,3,5,7,0,4
1227,0,0,2,3,4,0,5,7,4,6
1228,0,1,2,3,4,3,2,7,6,6
1229,0,1,2,3,4,3,5,7,6,4
1230,0,0,2,3,4,3,5,7,6,4
1231,0,1,2,3,4,3,5,7,6,4
1232,0,1,2,3,4,3,2,7,0,4
1233,0,1,2,0,4,3,2,1,6,4
1234,0,1,2,3,4,3,2,7,6,4
1235,0,1,2,3,4,3,5,7,6,6
1236,0,0,1,2,2,1,3,2,7,0
1237,0,0,1,2,0,1,4,2,7,0
1238,0,0,2,2,0,0,4,0,4,5
1239,0,0,2,3,0,0,4,0,1,5
1240,0,0,2,3,0,0,4,0,1,5
1241,0,0,2,3,0,0,4,0,1,5
1242,0,0,2,3,0,0,4,0,4,5
1243,0,0,2,3,4,0,5,7,4,5
1244,0,0,2,3,0,0,4,0,4,5
1245,0,0,2,3,4,0,5,7,4,5
1246,0,1,2,3,4,3,5,7,0,4
1247,0,1,2,3,4,5,0,1,1,3
1248,0,0,2,3,0,0,4,0,4,5
1249,0,0,1,2,0,5,4,0,1,2
1250,0,0,2,3,0,0,4,0,1,2
1251,0,0,2,3,2,3,2,3,6,8
1252,0,0,2,3,4,3,2,3,6,8
1253,0,1,2,0,4,5,0,1,6,1
1254,0,0,1,2,0,1,4,2,7,0
1255,0,0,1,2,2,5,3,3,5,8
1256,0,1,0,0,3,4,1,6,3,1
1257,0,1,0,0,3,4,1,6,8,9
1258,0,1,0,0,3,3,2,4,0,4
1259,0,1,0,1,1,2,6,5,2,7
1260,0,1,0,1,1,2,6,5,2,7
1261,0,0,1,2,2,1,3,2,7,0
1262,0,0,1,2,0,1,4,3,1,8
1263,0,0,1,2,0,1,4,3,1,8
1264,0,1,0,1,4,3,5,7,0,4
1265,0,1,1,1,2,3,3,3,5,1
1266,0,1,1,1,2,3,3,3,5,1
1267,0,1,1,1,2,3,3,3,5,1
1268,0,1,1,1,2,3,3,3,5,1
1269,0,1,0,1,1,2,6,5,2,7
1270,0,1,0,0,3,3,0,1,0,4
1271,0,1,2,3,4,5,0,1,1,3
1272,0,0,2,3,4,5,2,4,5,2
1273,0,0,2,3,0,0,5,0,4,5
1274,0,0,2,3,4,5,2,4,5,2
1275,0,0,2,3,0,0,4,0,5,2
1276,0,0,2,3,0,0,4,0,4,2
1277,0,1,2,0,3,5,0,1,1,3
1278,0,1,1,0,3,4,1,6,8,9
1279,0,1,0,0,3,4,1,6,3,3
1280,0,1,0,0,3,4,1,6,8,9
1281,0,1,2,3,4,0,5,7,0,3
1282,0,0,2,3,4,3,2,4,5,8
1283,0,1,2,1,4,3,5,7,6,4
1284,0,1,2,1,4,3,5,7,6,4
1285,0,1,0,1,4,3,2,3,6,4
1286,0,1,2,1,4,3,5,7,6,4
1287,0,1,0,0,3,3,0,1,0,4
1288,0,1,2,3,4,3,2,7,6,4
1289,0,1,2,3,4,3,2,7,6,4
1290,0,1,2,3,4,3,2,7,6,4
1291,0,1,2,3,4,3,2,7,6,4
1292,0,1,0,1,1,2,6,5,2,7
1293,0,0,1,2,0,1,4,0,7,2
1294,0,1,0,0,3,4,1,6,3,9
1295,0,1,0,1,3,2,0,1,0,4
1296,0,1,0,0,3,5,0,1,3,3
1297,0,1,0,0,3,5,0,1,0,3
1298,0,1,0,1,1,2,2,4,5,7
1299,0,0,2,3,2,0,3,3,5,2
1300,0,0,2,2,0,0,4,0,4,2
1301,0,0,2,2,0,0,4,0,4,5
1302,0,0,2,3,0,0,4,0,4,5
1303,0,0,2,2,0,0,4,0,4,5
1304,0,1,2,0,4,3,2,1,6,4
1305,0,1,2,0,4,3,2,1,6,4
1306,0,1,0,0,3,4,0,1,3,1
1307,0,1,0,0,3,4,1,6,3,1
1308,0,1,0,0,3,5,0,1,3,1
1309,0,1,0,0,3,2,6,6,3,7
1310,0,1,0,0,3,2,6,6,3,7
1311,0,1,0,0,3,2,0,1,3,3
1312,0,1,0,0,3,2,6,6,3,7
1313,0,0,2,3,4,0,5,7,4,5
1314,0,0,2,3,0,5,4,0,5,2
1315,0,0,2,3,3,5,0,4,1,3
1316,0,0,2,3,0,5,0,0,1,3
1317,0,0,2,3,0,5,0,0,1,3
1318,0,0,2,3,0,5,0,0,1,3
1319,0,1,0,1,1,3,2,4,6,6
1320,0,0,2,3,0,5,2,4,1,8
1321,0,0,2,3,0,5,0,0,1,2
1322,0,0,2,3,0,5,0,0,1,2
1323,0,0,2,3,0,5,0,0,1,2
1324,0,1,2,3,4,3,2,7,6,4
1325,0,1,2,3,4,3,2,1,6,4
1326,0,0,1,2,0,1,4,0,1,8
1327,0,1,2,3,4,3,2,4,6,6
1328,0,1,0,0,3,5,2,4,5,8
1329,0,0,1,2,2,1,3,2,7,0
1330,0,0,2,3,0,0,4,0,4,6
1331,0,1,2,3,4,5,0,1,1,3
1332,0,0,2,3,2,5,3,4,5,2
1333,0,0,2,3,4,0,5,7,4,6
1334,0,0,2,3,4,0,5,7,4,6
1335,0,1,1,2,2,4,3,3,5,1
1336,0,1,0,1,3,4,1,6,8,1
1337,0,1,0,0,3,4,1,6,3,9
1338,0,1,0,0,3,4,1,6,3,9
1339,0,1,0,0,3,4,1,6,3,3
1340,0,1,0,1,3,2,2,4,0,3
1341,0,1,0,1,1,2,6,5,2,7
1342,0,1,1,0,3,4,1,6,3,1
1343,0,1,0,1,3,2,6,6,3,1
1344,0,1,0,1,1,2,6,5,2,7
1345,0,1,0,0,3,5,3,4,3,1
1346,0,0,1,2,2,4,3,3,8,8
1347,0,1,0,1,1,2,6,5,2,7
1348,0,0,1,2,2,1,3,3,5,2
1349,0,1,1,0,3,5,0,1,3,3
1350,0,1,1,0,3,5,0,1,3,3
1351,0,1,0,0,3,5,0,1,3,3
1352,0,1,0,0,3,5,0,1,3,3
1353,0,1,0,1,1,2,6,5,2,7
1354,0,1,2,3,4,5,0,1,1,3
1355,0,1,2,3,4,3,2,3,5,4
1356,0,1,2,3,4,3,2,3,5,4
1357,0,1,2,3,4,3,2,3,5,4
1358,0,1,2,3,4,3,2,3,5,4
1359,0,1,2,0,4,3,2,1,6,4
1360,0,1,2,3,4,5,0,1,1,3
1361,0,1,2,0,3,5,0,1,1,3
1362,0,1,2,3,4,3,5,7,6,4
1363,0,1,2,1,4,3,2,7,6,6
1364,0,1,0,1,1,2,6,5,2,7
1365,0,1,0,1,1,2,6,5,2,7
1366,0,0,1,2,0,1,4,2,7,0
1367,0,0,2,2,0,0,4,0,4,2
1368,0,0,2,3,0,0,4,0,4,5
1369,0,1,2,3,4,3,2,3,6,6
1370,0,0,2,3,4,3,2,3,6,6
1371,0,1,2,3,4,3,2,7,6,6
1372,0,0,1,2,2,1,3,2,7,0
1373,0,0,1,2,2,1,3,2,7,0
1374,0,0,1,2,2,5,3,1,3,2
1375,0,0,1,2,2,1,3,2,7,0
1376,0,1,0,1,1,2,6,5,6,4
1377,0,0,1,2,0,1,4,2,7,0
1378,0,0,1,2,2,1,3,2,7,0
1379,0,0,2,3,4,3,5,7,6,4
1380,0,1,2,3,4,5,0,1,1,3
1381,0,1,2,3,4,3,5,7,6,6
1382,0,1,2,3,4,3,2,7,6,6
1383,0,0,2,3,4,3,2,3,5,8
1384,0,1,0,3,4,5,2,4,0,6
1385,0,1,0,1,1,2,6,5,2,7
1386,0,0,2,3,4,0,5,7,4,5
1387,0,0,2,3,4,0,5,7,4,5
1388,0,0,2,3,4,0,5,7,4,5
1389,0,0,2,3,4,0,5,7,4,5
1390,0,0,1,0,3,4,1,6,8,9
1391,0,1,1,0,3,4,1,6,3,1
1392,0,0,2,3,4,5,5,1,0,4
1393,0,1,2,3,4,3,5,7,0,4
1394,0,0,2,3,0,5,4,0,1,2
1395,0,0,2,3,0,0,5,0,4,5
1396,0,0,2,3,4,0,5,7,4,5
1397,0,0,2,3,0,0,4,0,4,5
1398,0,0,2,3,0,0,4,0,4,5
1399,0,1,0,0,3,5,0,1,1,3
1400,0,1,0,1,1,2,6,5,0,4
1401,0,1,0,0,3,4,1,6,0,4
1402,0,0,1,0,2,5,3,1,1,8
1403,0,0,2,3,4,5,0,1,0,4
1404,0,1,0,1,1,2,6,5,2,7
1405,0,0,2,3,0,0,5,3,4,5
1406,0,1,2,3,4,3,5,7,6,4
1407,0,1,2,3,4,3,5,7,6,4
1408,0,1,1,0,2,4,1,6,8,9
1409,0,0,1,2,2,1,4,0,5,2
1410,0,1,0,0,3,4,1,6,3,9
1411,0,1,0,0,3,4,1,6,3,3
1412,0,1,0,0,3,4,1,6,8,9
1413,0,1,0,0,3,4,1,6,0,9
1414,0,0,1,2,2,1,3,0,5,2
1415,0,0,1,2,2,1,3,3,5,8
1416,0,0,2,3,4,0,5,7,4,5
1417,0,0,1,2,0,1,4,2,7,0
1418,0,0,1,2,2,1,3,0,5,2
1419,0,0,1,2,0,1,4,2,7,2
1420,0,0,1,2,0,1,4,2,7,0
1421,0,0,2,3,4,0,5,0,4,2
1422,0,0,2,3,0,0,4,0,4,5
1423,0,0,2,3,0,0,4,0,1,5
1424,0,0,2,3,0,5,0,0,1,3
1425,0,1,2,0,4,3,0,1,6,4
1426,0,0,1,2,0,5,4,0,5,2
1427,0,1,0,0,4,3,2,4,6,4
1428,0,1,0,1,4,3,5,7,0,4
1429,0,1,0,1,1,2,6,5,2,7
1430,0,1,2,0,3,5,0,1,1,3
1431,0,1,2,3,4,3,2,4,0,4
1432,0,1,2,3,4,3,2,4,0,4
1433,0,0,1,2,0,1,4,0,1,2
1434,0,0,1,2,0,1,4,0,7,2
1435,0,0,2,3,4,0,5,7,1,3
1436,0,0,2,3,4,0,5,7,1,3
1437,0,1,2,3,4,5,5,7,1,3
1438,0,1,2,3,4,5,5,7,1,3
1439,0,0,1,2,3,4,1,6,8,9
1440,0,1,0,0,3,3,2,3,0,4
1441,0,1,1,0,3,4,3,6,3,1
1442,0,1,0,0,3,4,0,1,3,1
1443,0,1,0,0,3,5,0,1,1,3
1444,0,1,0,1,1,2,6,5,2,7
1445,0,1,0,1,1,3,6,5,6,4
1446,0,1,0,0,3,4,1,6,3,1
1447,0,1,0,0,3,4,1,6,3,1
1448,0,1,0,0,3,5,0,1,3,1
1449,0,1,2,3,4,5,2,1,1,2
1450,0,1,2,3,2,3,3,3,5,1
1451,0,1,0,0,4,3,2,4,5,4
1452,0,0,1,2,2,1,4,2,7,0
1453,0,1,2,3,4,3,2,3,6,4
1454,0,1,2,3,4,3,2,1,6,4
1455,0,1,2,3,4,3,5,7,0,4
1456,0,1,2,3,4,3,5,7,0,4
1457,0,1,2,3,4,3,5,7,0,4
