,buildUpPlaySpeed,buildUpPlayPassing,chanceCreationPassing,chanceCreationCrossing,chanceCreationShooting,defencePressure,defenceAggression,defenceTeamWidth
0,60,50,60,65,55,50,55,45
1,52,56,54,63,64,47,44,54
2,47,54,54,63,64,47,44,54
3,70,70,70,70,70,60,70,70
4,47,52,53,48,52,47,47,52
5,58,62,45,70,55,40,40,60
6,62,45,40,50,55,42,42,60
7,58,62,56,68,57,41,42,60
8,59,53,51,72,63,49,45,63
9,60,40,45,35,55,30,70,30
10,65,45,65,65,50,45,45,50
11,59,52,48,34,52,38,47,53
12,59,52,48,34,52,38,47,53
13,59,52,48,38,52,38,47,53
14,59,52,48,38,52,38,47,53
15,45,30,55,45,70,30,35,60
16,65,50,50,60,50,50,50,50
17,45,50,65,20,50,45,45,50
18,48,54,51,53,64,48,49,53
19,48,52,66,36,75,58,57,49
20,48,52,66,36,69,58,57,49
21,30,30,50,60,55,30,30,30
22,30,50,50,50,55,30,45,65
23,45,44,55,57,60,52,38,61
24,45,44,55,57,60,52,38,61
25,52,44,55,51,60,39,38,61
26,53,44,55,51,60,39,38,61
27,30,35,30,50,65,30,30,30
28,53,53,48,67,66,46,62,65
29,38,44,55,60,44,50,58,62
30,38,47,55,55,44,50,58,52
31,58,55,55,52,44,57,50,52
32,56,66,55,52,38,40,50,52
33,30,30,50,60,70,30,30,30
34,40,38,67,65,67,65,57,63
35,31,33,39,64,46,68,65,60
36,35,33,39,52,46,68,65,50
37,40,30,51,55,39,64,53,64
38,35,39,58,55,30,64,53,59
39,65,45,45,45,70,70,65,30
40,55,53,57,54,69,58,68,67
41,42,70,57,54,40,37,53,45
42,46,65,57,54,40,37,53,45
43,46,65,57,54,40,37,53,45
44,46,65,57,54,40,37,53,45
45,50,35,70,50,60,70,50,70
46,50,52,70,50,60,70,50,70
47,52,41,53,57,47,45,43,52
48,52,41,68,67,47,60,43,65
49,52,51,60,53,47,60,50,65
50,52,51,60,53,47,53,50,61
51,45,35,35,50,60,30,55,30
52,65,50,50,65,65,45,45,50
53,50,50,52,52,48,44,44,51
54,50,50,52,52,48,44,44,51
55,48,50,40,52,48,44,44,51
56,48,50,40,52,48,44,44,51
57,30,45,45,35,70,65,70,70
58,46,37,33,62,52,47,48,45
59,50,65,30,35,30,30,50,35
60,50,65,35,35,35,25,45,35
61,23,33,49,40,43,44,32,36
62,41,48,58,40,43,39,43,58
63,39,54,49,40,43,44,53,57
64,56,54,55,40,43,48,53,57
65,40,65,45,70,50,45,40,50
66,46,58,45,33,42,38,48,50
67,62,55,56,51,52,36,54,48
68,69,39,55,59,46,35,37,37
69,65,39,55,59,46,37,39,37
70,66,30,30,45,35,30,40,50
71,75,40,40,45,65,50,40,45
72,25,32,41,34,30,57,57,52
73,30,29,41,55,39,64,54,52
74,59,26,28,55,64,51,44,52
75,59,30,28,44,46,51,44,52
76,70,59,65,70,50,30,70,30
77,65,50,45,55,50,35,45,65
78,67,58,44,60,56,43,50,52
79,63,59,52,55,34,39,41,54
80,66,72,63,48,56,39,42,52
81,63,54,60,48,38,35,44,54
82,35,40,35,30,55,30,30,55
83,65,50,50,65,55,45,55,65
84,40,50,53,47,50,55,42,50
85,64,36,38,49,51,54,53,49
86,64,37,38,49,51,36,66,49
87,64,37,38,49,51,36,63,49
88,60,45,35,70,55,30,70,35
89,70,69,55,72,57,48,67,55
90,42,59,36,78,59,37,60,68
91,46,38,52,73,37,37,60,68
92,46,38,52,68,37,37,60,65
93,46,39,50,60,36,49,57,50
94,64,30,65,50,70,70,34,55
95,57,54,58,69,79,58,48,54
96,47,51,67,63,54,52,37,55
97,47,51,70,65,54,52,37,55
98,47,51,67,67,54,52,37,55
99,57,50,61,62,49,49,42,52
100,45,45,35,70,70,45,55,45
101,68,40,52,64,72,59,49,42
102,55,55,49,57,55,47,58,56
103,40,55,49,72,53,33,43,52
104,62,69,41,63,56,47,55,52
105,59,55,49,62,55,34,50,59
106,30,70,35,65,35,30,55,30
107,35,65,35,65,50,35,45,65
108,64,49,51,63,50,34,45,36
109,64,49,51,63,50,34,45,41
110,64,49,51,63,50,34,45,36
111,64,49,51,63,50,34,45,40
112,55,45,40,30,60,30,30,50
113,45,31,45,74,66,60,50,65
114,46,36,47,48,52,60,65,59
115,62,40,67,48,52,50,65,59
116,52,46,60,56,52,50,61,55
117,50,58,67,56,50,50,61,55
118,42,30,65,40,70,70,30,70
119,43,34,59,25,68,67,43,68
120,24,25,37,24,54,66,63,66
121,35,32,37,31,35,61,63,65
122,35,32,37,31,35,61,63,65
123,36,51,36,49,56,61,65,65
124,30,30,30,40,65,40,30,45
125,65,35,65,63,65,55,45,60
126,50,50,50,35,50,45,45,50
127,55,57,54,44,60,49,51,61
128,55,57,54,44,56,49,51,53
129,52,65,40,55,48,50,51,55
130,40,45,50,65,50,60,60,60
131,46,40,51,54,49,38,53,55
132,61,46,66,66,54,47,58,53
133,61,46,66,66,54,47,58,53
134,61,46,66,66,54,47,58,53
135,61,46,66,66,54,47,58,53
136,70,30,70,70,70,70,60,70
137,67,38,51,47,55,57,39,51
138,58,55,52,55,56,50,42,47
139,64,55,52,54,37,58,38,47
140,69,55,52,55,39,50,46,54
141,73,55,77,54,61,61,72,50
142,65,40,65,70,70,70,40,65
143,42,40,34,30,72,39,52,65
144,47,40,34,31,55,49,35,50
145,56,41,40,44,39,52,54,52
146,37,22,21,38,40,61,59,40
147,45,28,37,31,22,72,53,59
148,35,35,45,40,50,70,70,70
149,47,37,54,64,67,33,34,48
150,55,55,47,46,49,45,46,50
151,47,39,38,64,49,45,46,67
152,48,46,50,50,57,47,55,53
153,39,48,53,53,59,37,52,61
154,39,48,53,53,59,37,52,61
155,30,30,55,45,60,30,30,30
156,52,52,40,37,48,38,48,49
157,51,52,43,37,48,38,48,49
158,40,50,55,65,55,45,50,55
159,47,54,55,38,55,32,50,56
160,30,30,50,55,65,30,30,30
161,65,35,65,55,51,55,56,60
162,55,48,69,56,54,61,51,57
163,65,54,69,56,54,60,58,57
164,70,53,65,66,54,60,57,54
165,69,53,65,66,54,60,57,54
166,70,70,70,70,70,70,70,70
167,45,60,35,50,40,30,60,45
168,51,55,41,62,56,42,48,54
169,56,57,45,71,41,42,44,54
170,56,79,77,71,56,42,48,54
171,56,75,77,62,64,42,47,54
172,55,70,60,70,55,45,70,45
173,55,65,50,50,35,45,60,55
174,57,57,55,45,40,42,50,38
175,44,64,55,52,40,42,50,38
176,44,62,63,61,40,50,50,47
177,60,65,59,58,42,50,50,57
178,70,70,70,70,65,70,70,70
179,70,30,65,30,65,45,50,45
180,45,52,60,58,58,49,52,54
181,45,52,60,58,58,49,52,54
182,67,72,70,48,58,39,38,54
183,62,64,59,43,64,39,38,54
184,47,50,37,38,53,32,62,54
185,50,65,55,45,50,40,60,40
186,55,56,55,49,52,48,60,56
187,40,48,51,54,37,34,53,49
188,40,48,51,54,37,40,53,41
189,38,48,51,54,36,34,53,49
190,69,57,66,40,66,58,47,67
191,65,55,30,70,65,55,30,50
192,65,35,35,35,50,30,50,50
193,40,50,35,35,50,35,45,50
194,63,48,49,63,63,43,43,48
195,63,48,32,48,52,28,54,48
196,63,48,32,48,52,30,54,48
197,55,70,70,70,45,35,70,35
198,45,70,55,70,50,40,55,50
199,57,56,45,54,54,48,48,58
200,57,53,42,38,54,39,48,58
201,57,73,72,43,56,39,48,58
202,57,61,72,60,38,39,48,58
203,70,35,70,50,70,55,70,70
204,50,35,50,65,65,55,45,65
205,49,37,49,64,51,44,46,49
206,49,37,49,64,51,44,46,49
207,38,36,49,55,51,37,33,49
208,51,48,49,63,44,57,52,49
209,70,45,70,34,66,54,70,53
210,73,43,60,53,64,59,67,46
211,71,45,67,44,70,58,69,46
212,74,45,70,48,76,60,70,48
213,76,61,53,44,73,60,68,43
214,71,40,70,44,49,65,71,40
215,65,45,50,70,65,55,40,65
216,63,46,60,51,61,49,58,49
217,57,64,54,48,55,33,43,38
218,76,40,66,48,30,33,53,41
219,31,32,38,26,49,43,50,41
220,31,32,38,26,49,41,48,39
221,45,30,35,55,60,70,60,70
222,50,35,35,65,65,35,55,65
223,49,37,47,57,50,45,44,66
224,70,70,70,70,60,70,70,70
225,51,66,68,33,47,27,46,48
226,46,46,54,60,52,48,50,62
227,39,38,54,43,52,48,50,62
228,47,48,46,48,41,48,50,62
229,47,47,49,45,47,48,50,62
230,30,30,55,50,60,30,30,30
231,30,30,55,50,60,40,60,50
232,53,46,53,53,52,23,48,39
233,66,54,53,53,52,25,56,39
234,53,55,53,65,39,25,56,39
235,55,55,62,65,39,25,56,39
236,30,30,35,50,70,45,30,55
237,30,50,50,65,65,45,45,55
238,35,35,35,20,65,35,45,50
239,42,43,45,25,75,41,52,62
240,42,27,54,25,75,41,52,57
241,42,43,41,48,69,41,52,57
242,50,40,30,40,60,70,70,70
243,65,35,50,65,50,55,45,65
244,64,62,49,53,66,44,34,51
245,59,54,49,53,66,44,34,51
246,59,54,49,53,66,44,34,51
247,59,54,49,53,66,44,34,51
248,70,65,70,70,70,65,70,70
249,36,52,49,68,55,24,56,66
250,48,44,56,58,48,52,50,58
251,54,55,56,59,48,48,50,58
252,48,74,72,59,58,54,57,58
253,54,67,72,57,47,63,62,58
254,65,30,50,65,40,70,65,70
255,65,35,35,65,65,55,45,65
256,48,52,48,54,53,47,45,51
257,48,52,48,54,53,47,45,51
258,62,45,48,54,53,43,42,51
259,62,45,48,54,53,43,42,51
260,40,30,30,35,55,40,55,60
261,65,50,50,65,50,45,45,51
262,40,50,65,50,50,45,45,50
263,63,36,66,51,51,46,56,51
264,63,53,33,51,68,37,56,51
265,67,35,69,58,69,65,65,57
266,45,42,46,56,57,42,49,47
267,43,57,46,50,38,42,49,47
268,65,70,70,70,70,70,70,70
269,67,49,67,67,48,46,47,53
270,60,64,54,46,54,47,43,56
271,60,69,54,59,62,47,43,56
272,60,54,52,46,41,33,41,39
273,60,67,52,56,46,33,41,39
274,32,31,47,36,54,46,44,51
275,80,65,70,40,50,25,55,35
276,35,30,30,30,60,35,55,50
277,65,35,50,65,63,35,55,50
278,40,50,50,50,50,25,50,35
279,67,37,67,52,52,37,57,52
280,75,48,53,52,36,28,67,52
281,70,48,53,52,36,31,64,52
282,35,30,45,45,70,35,30,50
283,43,44,53,45,60,40,41,47
284,53,62,59,68,52,42,52,68
285,53,62,59,68,52,42,52,68
286,53,62,59,68,52,42,52,65
287,55,38,41,48,50,55,55,59
288,70,70,65,70,70,60,70,70
289,54,52,52,67,51,46,46,67
290,70,58,54,58,60,50,50,60
291,50,53,57,58,60,55,51,60
292,70,58,55,61,62,51,54,60
293,54,53,51,51,62,58,55,56
294,45,35,70,45,55,65,60,70
295,50,50,70,65,65,60,50,70
296,68,54,55,68,42,59,47,62
297,53,40,55,68,42,59,47,62
298,53,43,52,58,42,59,47,62
299,53,43,52,58,42,59,47,62
300,30,30,35,45,65,50,30,50
301,50,50,35,35,50,35,55,50
302,60,40,50,35,65,35,45,50
303,73,44,53,44,73,39,49,57
304,73,41,53,44,73,39,49,57
305,66,41,53,44,66,39,49,57
306,70,60,56,70,70,30,60,35
307,60,50,60,60,80,35,55,50
308,60,45,55,45,45,60,62,46
309,46,41,46,61,63,42,43,46
310,67,38,41,61,68,39,41,46
311,67,36,41,34,44,39,41,46
312,45,30,35,45,65,30,70,65
313,45,50,49,45,35,36,70,51
314,60,65,50,50,65,25,45,50
315,66,67,52,51,66,26,59,51
316,66,67,52,66,52,46,59,51
317,66,67,52,66,52,46,59,51
318,35,40,45,50,45,60,70,70
319,67,47,68,49,53,57,44,47
320,64,54,48,61,47,60,50,52
321,45,48,48,61,47,43,59,45
322,42,45,42,57,47,51,50,57
323,42,45,42,57,47,51,50,57
324,30,30,35,45,60,35,30,40
325,39,41,40,42,46,40,38,44
326,40,53,40,71,48,36,41,52
327,40,53,40,71,48,36,41,52
328,40,53,40,66,48,36,41,52
329,53,48,55,59,57,38,39,52
330,30,45,40,35,65,70,70,65
331,46,51,48,48,52,48,33,63
332,57,59,57,33,78,59,51,53
333,37,38,66,66,33,59,34,64
334,37,38,66,66,33,59,34,64
335,70,70,70,70,65,65,60,60
336,53,54,69,48,52,48,43,33
337,43,46,69,66,47,44,27,53
338,52,47,69,66,47,36,33,53
339,61,68,67,62,52,36,34,48
340,61,67,67,69,50,36,34,41
341,59,77,52,77,45,32,56,41
342,30,40,43,45,65,42,45,50
343,37,41,47,40,63,52,43,41
344,30,30,30,45,65,35,35,45
345,56,42,57,69,61,38,44,69
346,56,46,38,52,68,45,50,59
347,56,46,38,52,68,45,50,59
348,56,46,38,52,68,45,50,59
349,53,47,38,52,55,45,50,59
350,55,40,40,40,55,30,60,30
351,65,50,50,65,50,35,45,50
352,51,49,49,52,52,45,46,58
353,51,49,49,52,52,45,46,58
354,51,49,49,52,52,45,46,58
355,51,49,49,52,52,45,46,58
356,50,49,38,60,53,48,47,59
357,47,48,32,61,65,50,44,52
358,70,70,65,70,70,60,70,70
359,68,53,67,53,67,57,57,63
360,60,60,50,50,35,40,38,52
361,53,52,55,53,42,41,41,52
362,60,60,52,55,38,41,40,52
363,60,53,55,49,45,48,42,53
364,55,60,46,68,54,42,43,63
365,62,52,60,55,64,37,56,49
366,62,52,59,55,52,37,56,49
367,64,54,52,66,62,54,42,48
368,68,54,62,66,67,57,47,53
369,61,62,59,43,55,30,40,39
370,66,54,62,59,51,57,47,53
371,60,35,35,70,60,65,30,45
372,52,43,62,62,41,48,50,53
373,38,34,47,45,48,46,45,54
374,41,34,47,45,48,46,45,57
375,63,42,57,50,52,43,46,55
376,51,38,47,58,40,48,42,55
377,30,30,45,50,70,50,45,45
378,43,39,52,43,46,40,39,51
379,55,73,53,54,57,49,51,58
380,55,73,53,54,57,49,51,58
381,55,69,53,54,57,49,51,58
382,51,48,53,54,57,49,51,58
383,30,30,30,30,55,30,30,30
384,50,35,50,50,55,45,45,47
385,50,50,50,50,50,35,45,50
386,51,54,53,54,62,39,50,59
387,63,39,66,67,51,53,57,54
388,66,36,59,64,63,46,66,48
389,45,55,30,55,45,68,70,68
390,64,55,71,38,52,58,48,40
391,50,48,47,67,53,57,47,52
392,50,48,47,67,53,57,47,52
393,39,40,52,67,56,47,55,52
394,55,40,70,55,70,70,50,60
395,68,55,72,70,54,51,58,56
396,46,44,52,60,40,37,40,45
397,50,44,52,60,40,37,40,45
398,50,44,52,60,40,37,40,45
399,50,44,52,60,40,37,40,45
400,66,52,47,53,39,46,49,55
401,66,52,47,53,39,46,49,55
402,59,52,47,53,39,46,49,55
403,50,55,50,55,55,50,50,55
404,60,65,60,70,45,40,70,40
405,60,50,55,70,55,55,65,60
406,56,56,48,57,56,50,50,60
407,58,62,48,59,32,41,44,59
408,61,42,39,59,48,52,58,60
409,43,40,39,33,63,52,58,59
410,35,65,50,65,65,45,55,65
411,53,44,52,52,64,47,56,50
412,53,44,52,52,64,47,56,50
413,61,44,52,61,48,47,56,50
414,58,56,52,61,51,47,43,50
415,73,59,77,33,52,25,47,33
416,47,52,63,45,37,23,30,32
417,53,69,48,45,43,29,41,36
418,70,70,60,70,70,60,70,70
419,55,65,65,40,60,45,55,70
420,58,71,42,39,50,40,40,56
421,53,53,57,44,57,43,55,67
422,60,56,57,44,57,43,55,67
423,59,57,53,47,59,57,46,54
424,59,65,57,36,71,42,56,51
425,39,62,62,66,48,51,58,55
426,41,32,40,47,69,30,30,30
427,51,39,48,67,62,43,44,49
428,44,41,48,64,42,49,47,53
429,44,44,56,58,42,49,47,53
430,48,38,57,59,45,49,47,53
431,55,55,57,59,54,49,47,53
432,30,30,60,60,60,30,30,30
433,50,50,50,65,65,55,43,65
434,52,53,56,72,68,61,49,60
435,52,53,56,72,68,58,60,57
436,52,53,56,66,68,58,60,60
437,70,53,56,66,68,58,60,60
438,45,45,33,50,67,30,30,30
439,66,45,41,69,72,34,57,34
440,47,52,52,54,52,45,49,47
441,47,52,52,54,60,45,49,47
442,50,52,55,49,52,45,49,47
443,50,54,55,64,28,54,58,47
444,53,56,38,53,46,42,33,58
445,45,60,45,70,50,50,55,50
446,48,56,49,61,55,54,49,60
447,62,46,50,50,54,47,43,56
448,62,46,50,50,54,47,43,56
449,62,46,47,50,54,47,43,56
450,62,46,47,50,54,47,43,56
451,30,30,44,41,46,30,30,30
452,47,53,43,33,32,48,59,53
453,38,34,60,44,50,43,43,54
454,44,44,48,62,50,43,43,40
455,54,60,48,67,50,43,43,40
456,50,48,48,67,31,43,46,40
457,67,30,50,60,60,45,30,60
458,49,50,50,60,60,45,45,50
459,45,50,65,50,50,45,45,50
460,53,51,64,51,53,47,47,51
461,34,33,68,51,53,58,59,67
462,34,33,68,51,53,58,59,61
463,65,35,70,50,52,45,70,54
464,51,38,52,40,54,46,59,34
465,67,47,67,68,55,56,57,52
466,41,69,55,68,52,24,48,45
467,72,57,55,49,37,47,48,50
468,47,47,55,68,55,56,57,52
469,50,30,30,70,60,55,50,50
470,50,47,47,41,34,41,42,50
471,52,61,62,50,42,30,50,39
472,59,38,55,39,43,53,62,37
473,39,48,55,33,44,59,60,39
474,59,38,55,44,45,53,62,29
475,30,30,30,45,65,30,30,65
476,70,48,46,45,65,61,67,65
477,63,46,51,50,50,55,57,47
478,60,70,70,70,50,40,35,40
479,50,55,45,55,40,45,35,50
480,48,45,38,62,54,38,38,62
481,52,49,49,56,59,39,39,57
482,52,56,58,41,54,29,28,39
483,52,48,39,54,59,29,30,39
484,45,45,50,35,60,70,65,70
485,66,52,65,66,51,48,47,54
486,53,55,55,48,56,47,45,55
487,58,38,67,48,56,47,45,55
488,58,38,67,48,56,47,45,55
489,58,38,30,69,56,36,57,70
490,70,50,70,40,65,40,65,30
491,65,35,50,50,50,54,65,35
492,50,50,50,50,50,45,45,50
493,64,38,66,67,49,46,47,53
494,64,68,66,53,49,23,47,53
495,64,68,66,45,23,27,47,53
496,70,65,60,50,60,45,50,40
497,55,55,54,74,56,61,39,38
498,50,47,55,66,47,48,45,52
499,50,37,28,66,34,50,53,40
500,50,37,28,66,34,55,59,52
501,50,37,42,66,34,49,54,52
502,30,35,35,50,70,40,30,50
503,54,45,38,54,57,59,39,66
504,25,40,58,42,52,49,45,47
505,29,40,58,42,52,49,45,47
506,35,40,58,42,52,49,45,47
507,34,38,55,39,49,43,42,49
508,61,52,55,66,58,47,46,53
509,48,52,55,53,55,42,46,53
510,46,41,54,52,46,39,57,53
511,46,41,54,52,46,39,57,53
512,65,41,54,47,46,39,40,53
513,68,41,54,47,46,39,40,53
514,30,50,45,40,70,65,70,65
515,47,27,45,51,54,48,60,37
516,52,67,52,73,50,47,45,35
517,52,43,52,37,50,47,45,40
518,52,43,52,37,50,47,45,40
519,55,42,37,42,53,43,47,51
520,58,64,37,42,52,43,47,51
521,41,59,41,44,54,52,47,50
522,30,50,45,35,70,60,70,55
523,46,38,36,33,53,53,54,55
524,53,52,54,59,55,54,49,67
525,48,37,72,76,52,49,45,68
526,52,37,72,76,52,49,45,68
527,52,37,67,68,52,49,45,64
528,57,59,61,63,51,48,45,62
529,30,50,55,70,55,40,60,60
530,67,53,55,66,63,43,48,62
531,50,54,52,54,46,36,43,47
532,50,54,52,54,46,36,43,47
533,50,54,52,54,46,36,43,47
534,50,54,52,54,46,36,43,47
535,70,70,65,60,70,70,55,70
536,50,50,50,50,50,45,45,50
537,55,45,30,70,70,40,55,60
538,59,40,56,54,48,59,46,53
539,68,45,54,44,43,48,56,66
540,57,53,54,49,46,36,56,33
541,66,38,56,40,52,49,48,62
542,54,53,54,49,46,48,56,66
543,35,30,45,55,70,30,65,30
544,52,48,53,49,48,33,43,49
545,52,48,53,49,59,46,43,49
546,63,48,53,49,48,43,47,49
547,63,58,42,56,36,49,47,49
548,70,60,70,60,70,70,45,60
549,52,29,61,58,54,60,55,52
550,46,40,60,55,39,55,47,48
551,34,38,34,59,48,45,35,58
552,45,58,60,73,62,45,32,63
553,42,52,62,58,47,44,41,49
554,70,70,70,70,60,60,65,70
555,66,52,52,53,34,46,47,52
556,48,47,73,53,71,55,48,52
557,55,70,65,45,65,70,70,70
558,55,56,55,43,53,39,37,53
559,65,58,63,44,64,39,45,47
560,78,58,66,39,41,39,48,47
561,48,38,38,51,40,37,48,56
562,48,41,38,51,40,35,50,61
563,70,70,70,70,70,60,70,70
564,66,53,53,68,66,56,68,66
565,55,62,55,60,60,50,52,57
566,52,53,59,60,64,52,53,57
567,55,62,55,61,60,49,52,57
568,30,45,31,43,59,30,30,30
569,69,45,40,70,45,36,66,34
570,43,27,55,58,60,33,43,47
571,39,32,40,42,66,47,43,47
572,46,32,48,58,59,60,62,47
573,50,61,48,58,59,60,62,47
574,40,30,50,35,70,35,35,50
575,54,55,53,40,59,48,58,53
576,53,54,60,58,60,50,52,58
577,53,54,60,58,60,50,52,58
578,53,54,60,58,60,50,52,58
579,60,50,45,55,55,55,30,55
580,59,43,56,50,66,50,43,55
581,48,45,45,51,46,50,50,55
582,40,55,63,46,63,50,38,55
583,68,55,51,59,59,41,60,51
584,47,55,59,68,45,50,45,57
585,70,70,60,70,70,60,70,70
586,48,51,52,64,52,47,47,51
587,55,44,46,48,44,42,40,40
588,60,46,58,48,44,47,46,60
589,55,44,47,43,49,43,41,40
590,70,30,70,55,55,65,70,65
591,75,35,72,51,68,68,50,52
592,61,53,42,62,54,47,59,40
593,32,53,36,62,64,47,52,45
594,68,63,68,38,55,56,57,54
595,69,53,66,62,59,63,61,38
596,65,60,70,70,55,70,70,70
597,49,52,64,64,37,46,46,67
598,61,48,38,60,54,38,42,46
599,63,48,38,60,54,34,37,46
600,56,51,54,60,48,38,37,46
601,56,55,54,49,56,38,37,46
602,47,54,54,51,46,37,50,53
603,55,46,47,53,51,33,42,49
604,55,46,47,53,51,33,42,49
605,54,47,53,33,52,42,36,49
606,55,46,47,53,51,37,48,49
607,55,55,50,55,70,50,60,55
608,55,50,50,55,65,50,60,55
609,45,50,65,50,65,35,55,35
610,67,67,68,52,66,36,57,38
611,67,67,68,69,66,23,57,34
612,58,54,56,60,53,47,49,63
613,36,67,66,37,51,37,57,36
614,61,59,48,52,54,40,40,46
615,35,54,56,54,61,47,46,46
616,61,59,50,57,55,43,41,46
617,48,32,57,48,69,44,44,51
618,30,50,45,35,70,70,70,70
619,33,52,48,39,64,32,56,52
620,58,69,53,42,68,40,50,51
621,58,69,53,42,68,40,50,51
622,38,38,53,27,66,57,56,49
623,66,38,53,33,66,57,56,49
624,45,35,45,55,70,50,35,70
625,65,50,50,77,50,55,55,35
626,50,35,65,65,50,35,55,35
627,39,33,51,63,72,66,67,36
628,26,24,64,53,72,23,67,36
629,50,20,65,50,80,35,65,35
630,45,55,45,70,70,70,70,70
631,48,42,49,68,53,38,48,53
632,38,54,43,49,64,37,51,53
633,61,54,43,62,56,48,50,53
634,66,53,54,69,51,47,47,49
635,49,52,49,54,64,41,51,53
636,70,35,70,65,70,65,40,65
637,53,55,71,56,56,52,46,47
638,54,47,53,44,49,34,46,39
639,56,53,53,46,49,32,46,37
640,54,47,53,44,49,34,46,39
641,70,70,70,70,65,60,70,70
642,36,36,37,52,51,48,43,48
643,56,61,55,48,46,43,43,52
644,53,54,55,50,49,47,49,52
645,56,61,56,48,46,44,44,52
646,50,60,49,62,47,46,46,52
647,30,45,45,35,70,50,70,50
648,67,66,49,49,69,57,48,67
649,75,62,48,53,68,58,43,65
650,70,50,48,53,68,58,43,60
651,73,50,64,53,36,30,43,62
652,59,50,64,53,36,30,43,62
653,50,60,50,50,50,60,60,65
654,38,65,38,69,52,34,57,47
655,31,47,37,67,50,46,45,52
656,42,40,37,67,30,46,45,52
657,42,47,37,67,30,46,45,52
658,42,47,37,67,30,46,45,52
659,65,60,50,40,50,60,70,60
660,67,57,47,47,52,48,61,48
661,52,54,47,53,50,52,60,48
662,52,33,47,53,50,42,60,52
663,52,40,47,53,50,42,51,52
664,52,40,47,53,50,42,51,52
665,30,30,45,40,70,35,45,45
666,54,56,67,61,59,48,56,67
667,48,44,53,42,53,53,39,57
668,48,44,53,42,53,53,39,57
669,48,44,53,42,53,53,39,57
670,48,44,53,42,53,53,39,57
671,30,60,40,60,60,55,60,50
672,37,49,52,60,48,43,43,55
673,51,49,52,60,48,43,43,55
674,37,49,52,60,52,46,44,55
675,60,50,50,40,70,55,50,70
676,60,35,50,35,51,45,50,35
677,45,50,65,50,50,35,45,50
678,51,54,68,52,69,59,53,54
679,49,54,68,63,69,59,53,54
680,68,55,68,80,72,59,66,65
681,55,45,40,50,65,30,70,30
682,50,50,65,50,65,45,45,65
683,46,52,49,54,52,47,55,66
684,46,52,49,54,52,47,55,52
685,46,52,49,54,52,47,55,52
686,46,52,49,54,52,47,55,52
687,70,45,65,60,65,70,60,70
688,65,50,65,65,65,60,55,35
689,58,47,49,68,50,47,44,51
690,58,47,49,68,50,47,44,51
691,40,30,45,60,70,30,70,65
692,50,50,50,60,52,30,55,65
693,45,50,50,50,35,35,55,50
694,40,35,45,40,70,60,55,45
695,64,57,68,48,70,59,37,48
696,67,54,56,62,67,47,47,63
697,67,54,56,62,67,47,47,63
698,67,54,56,62,67,47,47,63
699,57,40,59,70,67,50,58,45
700,30,45,45,35,70,70,70,65
701,63,37,68,30,52,46,60,47
702,44,52,50,53,68,49,48,65
703,44,52,50,53,68,49,59,60
704,62,52,50,63,52,37,58,63
705,62,52,66,59,58,51,58,40
706,30,35,55,45,70,65,70,60
707,67,35,55,36,53,59,48,66
708,69,55,52,40,53,59,49,67
709,69,55,52,40,53,59,49,63
710,54,36,52,51,64,47,46,66
711,54,36,52,51,64,50,60,58
712,70,70,70,70,45,70,70,70
713,36,52,36,52,52,51,34,48
714,45,48,48,56,56,48,52,54
715,45,48,48,56,56,48,52,54
716,63,48,47,62,69,58,62,54
717,63,60,47,64,46,58,65,55
718,30,30,50,50,65,30,30,30
719,30,30,60,50,70,70,60,70
720,65,50,50,65,65,45,55,50
721,64,49,49,53,34,46,44,49
722,64,49,49,53,37,42,44,49
723,64,49,49,53,34,46,44,49
724,64,50,49,53,46,46,44,49
725,30,30,45,40,70,30,35,50
726,68,56,69,55,58,37,47,54
727,53,63,55,61,52,47,52,56
728,57,63,55,61,52,47,52,56
729,57,63,55,61,52,47,52,56
730,62,65,71,42,65,36,33,42
731,48,65,55,45,50,46,48,45
732,69,58,56,52,61,45,49,65
733,69,58,56,52,61,38,49,65
734,69,58,56,52,61,38,49,65
735,69,58,56,52,61,38,49,65
736,70,60,50,45,55,55,70,55
737,65,65,50,80,50,55,55,35
738,34,23,63,52,49,58,56,48
739,34,42,63,52,49,47,42,48
740,45,42,68,52,49,59,42,48
741,45,43,68,52,64,59,42,48
742,50,35,50,60,70,40,60,40
743,60,50,40,45,60,55,55,50
744,60,60,48,73,53,50,48,62
745,39,44,42,34,54,59,52,61
746,71,32,34,41,61,51,48,62
747,66,45,34,34,46,51,52,61
748,30,30,30,30,55,30,30,30
749,65,50,30,65,65,45,60,30
750,50,50,35,50,50,35,45,35
751,58,55,52,57,63,58,49,56
752,58,67,38,23,77,29,57,32
753,58,67,38,27,69,31,57,38
754,63,48,48,68,53,37,58,63
755,66,72,70,61,54,32,32,62
756,66,59,43,61,54,32,43,46
757,66,72,66,67,51,36,38,65
758,60,60,50,40,50,65,65,70
759,66,53,48,46,52,48,58,55
760,67,52,51,50,50,45,52,52
761,67,52,31,50,50,45,52,52
762,62,52,42,50,62,45,52,52
763,62,52,42,50,62,45,52,52
764,45,70,30,50,40,70,60,70
765,35,35,80,50,50,55,35,65
766,60,42,48,53,64,43,47,48
767,60,42,48,53,64,43,47,48
768,60,42,48,53,64,43,47,48
769,57,50,48,53,46,51,56,55
770,45,60,45,70,60,40,45,50
771,48,57,63,34,64,56,45,52
772,46,48,51,53,55,48,47,50
773,46,48,51,53,55,48,47,50
774,63,51,54,40,66,48,53,50
775,63,51,54,40,66,48,53,50
776,60,40,70,45,70,70,60,70
777,65,50,50,50,80,45,45,65
778,49,52,49,54,67,46,47,47
779,49,52,49,54,67,46,47,47
780,49,52,49,54,67,46,47,47
781,49,52,49,54,67,46,47,47
782,45,40,45,70,70,50,70,50
783,65,50,59,62,53,57,53,43
784,68,57,55,39,60,52,65,53
785,66,52,55,37,56,48,65,53
786,67,57,55,38,44,53,60,52
787,60,53,49,40,44,55,62,47
788,60,55,40,45,70,45,65,45
789,58,54,54,55,61,45,47,54
790,41,36,72,69,50,64,58,42
791,45,36,72,69,50,64,58,42
792,45,36,69,69,50,64,58,42
793,42,36,41,40,50,47,37,52
794,40,40,50,40,50,45,40,45
795,53,52,55,52,53,47,48,55
796,58,57,53,57,53,59,41,56
797,62,57,53,57,53,59,41,56
798,62,57,53,57,53,59,41,56
799,62,57,53,57,53,59,41,56
800,70,60,55,70,70,45,55,45
801,70,60,70,65,75,65,65,50
802,45,55,40,38,48,50,60,54
803,36,34,39,44,38,42,44,54
804,59,29,32,49,62,42,44,54
805,59,29,38,36,24,48,47,54
806,70,45,45,70,65,40,50,40
807,65,40,65,65,70,45,45,65
808,46,54,46,60,55,40,50,56
809,46,38,46,68,37,49,49,56
810,46,54,49,72,56,42,41,56
811,38,44,49,44,40,54,53,56
812,30,30,55,50,65,30,30,30
813,30,30,55,60,50,49,45,50
814,38,44,54,76,55,38,49,46
815,38,44,54,76,55,38,49,46
816,67,66,67,64,55,37,45,44
817,61,66,67,64,55,38,49,46
818,55,45,70,65,70,65,70,65
819,65,35,65,65,80,55,55,65
820,48,50,49,51,48,44,48,51
821,48,50,49,77,64,44,48,54
822,51,50,49,69,68,48,48,60
823,51,41,49,69,31,48,48,60
824,50,30,50,60,65,30,50,30
825,65,65,35,65,50,35,35,65
826,50,49,49,54,53,46,47,50
827,55,49,49,54,53,46,54,50
828,55,49,46,54,53,39,46,42
829,70,70,70,70,50,30,70,30
830,66,51,64,64,48,54,44,49
831,60,72,40,56,72,38,42,42
832,60,40,40,56,57,38,42,52
833,60,56,49,56,72,38,42,42
834,60,46,43,55,37,38,42,42
835,35,55,65,55,45,70,65,70
836,65,50,65,35,50,35,55,50
837,52,48,37,37,37,35,34,51
838,52,48,37,37,37,35,34,51
839,52,48,37,37,37,35,34,51
840,52,43,54,56,23,56,62,51
841,50,50,55,48,46,46,45,47
842,50,50,55,67,46,46,45,47
843,55,55,55,67,46,46,45,47
844,35,35,55,35,70,70,70,70
845,50,50,35,50,50,35,55,65
846,52,47,48,49,52,34,43,37
847,52,47,48,49,52,34,43,37
848,52,47,48,49,52,53,56,48
849,54,65,48,49,45,53,56,48
850,38,43,51,54,39,44,46,48
851,38,43,51,54,39,44,46,48
852,70,70,70,70,65,60,70,70
853,48,49,52,52,48,47,46,48
854,70,55,40,46,60,38,42,62
855,67,54,49,47,58,39,43,64
856,70,55,42,47,60,41,43,62
857,64,55,44,45,27,37,44,51
858,50,50,50,50,50,45,45,50
859,50,50,50,50,50,45,45,50
860,50,50,50,50,50,45,45,50
861,30,35,35,40,60,30,30,30
862,33,44,35,40,60,42,47,54
863,40,48,48,47,42,43,48,50
864,58,53,48,47,46,43,48,50
865,46,54,32,42,42,43,39,50
866,45,59,32,42,54,36,39,40
867,45,30,60,55,50,30,30,30
868,47,30,60,55,50,35,55,48
869,41,43,53,59,53,49,50,57
870,41,43,53,59,53,49,50,57
871,41,43,53,44,53,42,42,57
872,65,43,53,44,53,42,42,57
873,65,40,60,70,30,70,70,70
874,35,35,35,65,35,35,55,50
875,49,49,52,53,67,43,46,50
876,49,49,52,53,67,43,46,50
877,49,49,52,53,67,43,46,50
878,49,49,52,53,67,43,46,50
879,55,35,60,65,35,30,45,30
880,50,50,35,50,35,45,55,50
881,46,51,52,34,49,47,43,50
882,46,51,52,44,49,47,51,54
883,63,48,52,55,49,47,51,54
884,63,56,52,55,46,39,41,52
885,30,30,45,50,70,30,30,30
886,50,65,35,50,50,45,41,35
887,32,30,35,40,60,30,30,30
888,47,46,48,78,32,33,54,31
889,46,38,39,55,50,45,48,53
890,46,41,52,37,57,45,48,53
891,49,59,52,49,55,40,48,53
892,70,60,65,70,60,45,65,45
893,55,50,60,50,60,45,45,50
894,54,54,54,68,48,52,48,42
895,58,72,48,51,46,41,39,51
896,54,47,47,51,39,56,54,51
897,58,49,47,54,46,41,39,51
898,70,70,60,30,65,70,70,70
899,50,50,50,50,65,45,45,35
900,48,66,49,51,34,26,47,64
901,48,66,49,66,34,56,47,64
902,48,66,49,66,34,56,47,64
903,48,53,49,66,38,57,47,61
904,65,70,70,70,55,60,70,70
905,49,52,48,64,66,34,54,48
906,63,61,42,76,62,40,50,42
907,70,70,56,67,48,40,43,53
908,45,64,55,67,42,40,43,51
909,45,55,46,54,47,38,39,51
910,53,35,50,64,49,60,51,40
911,55,50,50,50,50,35,45,50
912,66,62,56,55,61,36,49,62
913,66,56,56,55,57,36,49,53
914,45,50,40,70,70,55,55,40
915,45,50,47,45,56,55,61,46
916,44,49,51,49,48,30,40,43
917,46,49,56,54,67,39,57,44
918,46,38,58,48,55,51,50,47
919,46,49,51,52,59,30,40,44
920,55,40,50,55,55,30,55,55
921,71,53,38,53,53,40,49,55
922,44,45,54,41,57,50,46,62
923,44,45,54,41,57,50,46,62
924,44,45,54,41,57,50,46,62
925,44,45,54,41,57,50,46,62
926,30,45,45,40,70,70,70,65
927,45,55,50,60,45,50,45,60
928,65,55,50,50,65,50,45,35
929,45,40,53,37,44,37,24,44
930,45,52,53,37,43,37,31,44
931,45,40,53,37,44,37,24,44
932,52,54,45,42,53,42,47,44
933,52,54,45,42,53,42,47,44
934,35,35,45,65,55,30,65,55
935,55,54,56,69,68,48,61,68
936,34,52,55,59,54,47,52,69
937,38,52,55,59,54,47,52,69
938,38,52,55,59,54,47,52,65
939,38,52,55,59,54,47,52,69
940,52,50,50,53,54,43,44,50
941,52,50,50,53,54,43,44,50
942,52,50,50,53,54,43,44,50
943,30,30,50,60,60,30,30,30
944,50,50,50,49,49,45,55,50
945,38,39,52,53,52,36,39,68
946,50,39,52,53,52,36,39,64
947,38,39,52,53,52,36,39,64
948,63,39,64,53,52,36,39,64
949,70,49,50,34,55,30,48,30
950,52,48,49,37,55,36,48,40
951,67,59,52,48,68,33,52,53
952,67,59,52,48,68,40,52,53
953,73,55,52,48,63,33,55,53
954,67,62,56,48,56,25,29,54
955,63,50,30,30,70,45,40,60
956,65,35,50,65,50,35,45,50
957,60,40,50,35,65,45,45,50
958,66,37,56,34,63,43,42,48
959,66,37,56,34,63,43,42,48
960,66,36,60,34,64,44,58,50
961,50,65,40,65,55,70,70,70
962,35,35,35,35,50,45,55,65
963,49,41,62,52,60,49,46,52
964,49,41,62,52,60,49,46,52
965,49,55,62,61,68,57,53,56
966,49,34,62,61,35,57,53,56
967,30,30,40,60,70,45,30,70
968,50,30,48,55,65,45,47,50
969,45,35,50,65,50,45,45,50
970,48,33,46,62,45,39,43,46
971,48,33,69,62,45,54,66,46
972,48,33,69,62,45,43,43,46
973,48,37,49,50,52,47,44,52
974,48,47,47,53,60,46,46,49
975,47,49,50,50,54,46,44,51
976,57,39,57,50,54,58,60,63
977,45,56,57,50,58,58,60,63
978,54,39,52,56,38,40,35,46
979,50,60,35,50,35,35,60,50
980,65,65,65,50,65,45,45,35
981,55,40,58,47,36,44,48,48
982,64,36,51,64,54,26,46,48
983,64,53,41,49,41,39,46,43
984,30,45,45,35,70,65,70,60
985,30,46,48,37,39,32,45,48
986,64,67,64,66,39,36,45,48
987,64,67,64,66,39,36,45,48
988,54,51,48,47,42,47,57,48
989,54,51,48,47,42,47,57,48
990,72,66,66,51,49,29,35,38
991,68,66,66,51,49,29,35,38
992,67,54,56,62,67,47,47,63
993,50,36,52,36,52,50,60,47
994,50,36,52,40,52,57,54,47
995,30,50,45,35,70,60,70,55
996,46,38,36,33,53,53,54,55
997,30,40,45,40,70,55,65,55
998,33,47,69,40,53,55,34,51
999,34,45,39,67,74,31,32,50
1000,34,45,39,52,40,57,32,50
1001,70,70,70,70,55,40,70,40
1002,36,48,48,66,51,36,44,48
1003,64,59,40,42,56,49,51,44
1004,68,62,40,47,56,49,51,44
1005,59,57,49,47,53,39,40,44
1006,59,57,49,47,53,39,40,44
1007,30,30,33,52,70,30,30,30
1008,63,30,67,65,68,57,37,64
1009,33,42,40,55,48,43,30,48
1010,54,45,55,58,55,43,50,48
1011,67,40,53,53,55,50,62,55
1012,67,43,53,44,28,40,40,48
1013,70,70,70,70,70,70,70,70
1014,51,49,36,48,52,44,43,40
1015,57,58,60,48,48,42,51,44
1016,58,54,53,39,54,49,47,44
1017,52,53,53,54,54,50,44,54
1018,30,61,53,53,60,50,44,54
1019,45,55,70,70,65,45,55,50
1020,53,56,73,72,39,47,37,53
1021,43,44,61,71,50,50,50,68
1022,47,44,61,71,50,50,50,68
1023,48,47,53,53,53,51,47,53
1024,65,50,70,70,70,60,70,70
1025,51,33,48,67,79,46,47,51
1026,45,45,38,62,60,48,48,62
1027,55,45,38,52,60,48,48,52
1028,45,45,38,62,60,48,48,62
1029,45,55,38,62,53,48,48,55
1030,40,30,35,50,70,30,50,40
1031,53,55,44,56,61,58,52,68
1032,41,44,44,44,47,63,51,59
1033,45,44,44,44,47,63,51,59
1034,45,44,44,44,47,63,51,59
1035,29,44,44,44,47,54,52,63
1036,70,70,70,70,70,70,60,70
1037,49,36,57,73,55,49,31,67
1038,49,49,46,58,56,49,51,45
1039,49,61,55,58,37,39,44,52
1040,44,72,71,39,37,58,52,52
1041,44,64,62,65,42,51,47,52
1042,45,45,30,50,55,50,45,55
1043,37,51,68,66,72,42,40,53
1044,55,37,59,43,53,58,49,58
1045,59,37,59,43,53,58,49,58
1046,59,37,59,43,53,58,49,58
1047,59,37,59,43,53,58,49,58
1048,55,30,70,60,70,65,40,65
1049,54,39,67,60,67,68,55,55
1050,45,35,71,54,73,49,60,68
1051,50,41,68,54,72,39,49,65
1052,50,41,68,54,69,39,49,65
1053,50,46,61,41,63,52,60,63
1054,40,30,50,40,70,45,30,35
1055,54,43,54,51,60,49,49,51
1056,24,36,60,52,59,48,53,70
1057,28,36,60,52,59,48,53,70
1058,35,36,60,52,59,48,53,65
1059,60,50,54,60,52,49,53,53
1060,50,40,40,40,50,35,55,40
1061,45,58,41,42,52,39,39,66
1062,41,54,67,50,23,40,49,62
1063,41,54,45,50,23,40,49,62
1064,41,54,45,50,35,40,49,62
1065,37,43,30,42,37,40,49,54
1066,55,30,30,30,70,40,50,50
1067,55,30,30,30,49,40,50,50
1068,50,50,50,65,50,35,45,50
1069,52,56,57,74,55,38,48,52
1070,52,56,57,74,53,38,48,52
1071,35,50,65,50,50,45,45,50
1072,61,48,48,52,50,33,44,50
1073,61,48,48,52,50,33,44,50
1074,48,48,48,52,50,33,44,50
1075,48,49,48,52,58,33,44,50
1076,50,45,70,60,60,70,70,70
1077,65,35,65,65,65,55,45,65
1078,64,41,49,52,64,46,44,51
1079,64,41,49,52,64,46,44,51
1080,64,41,49,52,64,46,44,51
1081,64,41,49,52,64,46,44,51
1082,30,30,45,55,60,30,30,30
1083,50,50,65,65,50,45,45,50
1084,36,38,60,54,54,39,50,42
1085,36,38,60,54,54,39,50,42
1086,66,44,58,65,54,39,48,66
1087,66,44,58,65,54,39,48,66
1088,30,50,35,60,55,50,45,55
1089,47,48,42,38,55,41,41,43
1090,47,48,66,38,55,29,28,36
1091,57,55,42,36,55,31,30,38
1092,35,30,30,30,55,40,65,55
1093,50,50,50,65,55,40,45,55
1094,45,50,50,50,50,45,45,50
1095,47,48,54,56,52,37,49,51
1096,47,48,64,67,52,44,49,51
1097,30,35,35,50,70,30,30,30
1098,65,51,33,38,53,48,57,34
1099,55,52,62,43,54,47,44,50
1100,42,44,49,40,38,47,44,55
1101,43,44,59,45,42,39,37,42
1102,65,60,50,35,40,65,70,70
1103,70,30,60,60,70,55,30,70
1104,64,30,67,50,65,46,47,50
1105,60,40,65,35,50,35,45,50
1106,53,55,77,75,56,49,47,53
1107,67,38,73,64,56,36,57,34
1108,68,47,71,54,66,36,57,48
1109,35,62,50,36,50,40,56,47
1110,34,34,44,38,38,39,51,44
1111,45,60,46,49,58,36,53,34
1112,30,40,50,35,70,65,60,50
1113,48,51,68,67,51,46,48,50
1114,53,55,44,65,50,43,44,49
1115,53,55,44,65,50,43,44,49
1116,53,38,66,65,50,43,44,49
1117,47,38,61,65,50,43,44,49
1118,65,65,55,60,60,30,30,30
1119,65,35,35,65,65,35,45,65
1120,49,52,48,52,52,35,44,50
1121,49,52,48,52,52,35,44,50
1122,58,52,48,52,52,35,44,50
1123,58,52,48,64,52,48,51,49
1124,60,30,30,30,65,50,30,55
1125,50,65,65,65,50,35,45,55
1126,35,35,35,65,35,45,45,50
1127,36,38,49,62,33,50,51,53
1128,36,38,49,52,62,54,57,64
1129,36,38,49,52,29,50,51,53
1130,30,30,30,30,60,30,30,30
1131,50,50,50,61,60,45,30,30
1132,50,50,50,50,50,35,45,50
1133,57,60,56,63,64,38,47,53
1134,57,60,66,57,63,54,47,36
1135,57,60,56,57,56,38,47,53
1136,40,45,50,35,55,70,70,70
1137,50,50,50,51,49,44,45,50
1138,50,50,50,51,49,44,45,50
1139,67,43,56,51,49,39,47,48
1140,61,52,56,51,49,44,55,48
1141,35,30,45,45,60,30,30,30
1142,49,48,52,67,52,58,60,65
1143,67,53,48,75,39,45,44,48
1144,47,37,48,52,42,46,44,48
1145,53,46,65,43,46,46,44,48
1146,54,56,65,43,44,46,44,48
1147,65,55,55,70,70,70,45,70
1148,63,57,55,70,62,37,67,38
1149,50,36,59,52,56,43,44,53
1150,60,47,62,54,52,45,58,42
1151,39,45,42,56,41,51,51,40
1152,58,42,64,61,37,55,59,56
1153,30,55,45,70,60,55,60,55
1154,48,51,53,66,45,49,45,49
1155,48,51,53,66,45,49,45,49
1156,30,30,70,60,70,60,70,65
1157,68,58,68,67,71,57,58,68
1158,61,65,53,57,38,38,49,55
1159,65,65,53,57,38,38,49,55
1160,65,65,53,57,38,38,49,55
1161,53,53,53,52,60,42,48,59
1162,35,60,50,60,60,35,40,45
1163,47,56,67,56,54,41,43,39
1164,61,37,62,50,53,45,43,54
1165,61,37,62,50,53,45,43,54
1166,61,37,62,50,53,45,47,54
1167,61,37,62,50,53,45,47,54
1168,30,45,45,35,70,60,70,50
1169,47,55,45,48,54,48,47,51
1170,65,63,67,31,67,24,24,39
1171,65,50,67,31,67,30,30,40
1172,47,34,38,36,68,37,37,39
1173,50,35,51,51,55,45,55,39
1174,66,70,35,40,50,65,30,65
1175,50,50,35,65,35,45,55,65
1176,63,39,63,72,49,54,43,49
1177,63,39,63,64,49,54,43,49
1178,63,39,63,64,49,54,43,49
1179,63,39,63,64,49,54,43,49
1180,70,55,70,70,65,70,70,70
1181,52,37,48,49,47,43,43,48
1182,47,52,54,56,60,48,52,44
1183,47,38,52,56,58,57,63,44
1184,47,40,42,56,51,62,64,44
1185,52,46,42,54,30,50,65,44
1186,35,40,30,45,65,30,30,30
1187,40,50,45,43,60,70,70,70
1188,47,36,34,33,53,49,58,48
1189,60,53,48,50,48,42,48,49
1190,60,53,48,50,48,42,48,49
1191,60,53,48,50,48,39,48,49
1192,30,30,55,60,55,30,30,30
1193,50,35,65,65,35,55,45,50
1194,53,56,67,68,69,52,49,54
1195,53,56,67,68,60,52,49,54
1196,55,56,42,50,55,60,60,54
1197,57,56,42,50,55,60,60,54
1198,70,55,65,50,70,70,70,55
1199,68,53,67,51,65,58,51,55
1200,51,43,68,61,44,36,60,39
1201,55,43,68,61,44,36,60,39
1202,55,43,68,61,44,36,60,39
1203,55,50,62,59,38,45,54,41
1204,70,30,30,35,70,50,70,45
1205,50,35,65,65,50,50,70,45
1206,60,50,65,65,50,45,55,50
1207,68,52,68,69,53,44,57,53
1208,72,34,76,66,73,61,59,39
1209,53,37,68,54,67,47,57,53
1210,35,60,35,55,55,50,55,50
1211,47,55,47,54,56,49,55,48
1212,52,48,39,39,37,40,41,52
1213,52,48,39,39,37,40,41,52
1214,52,48,39,39,37,40,36,52
1215,70,70,70,70,70,60,70,70
1216,48,48,52,48,48,43,44,51
1217,60,75,62,45,60,50,48,40
1218,42,43,47,46,60,53,49,42
1219,58,70,62,56,61,50,49,41
1220,38,33,53,58,53,60,58,48
1221,60,60,50,70,70,60,70,55
1222,60,42,63,55,56,49,60,55
1223,53,64,60,34,53,49,44,59
1224,53,56,62,46,53,49,44,57
1225,53,56,68,53,34,46,44,54
1226,52,56,62,53,38,39,44,57
1227,70,50,50,50,50,30,70,30
1228,67,48,47,47,54,33,47,37
1229,57,57,46,48,38,42,38,52
1230,60,58,48,49,38,44,42,56
1231,56,57,47,49,40,40,40,52
1232,62,48,47,49,40,37,48,55
1233,50,50,50,50,50,50,50,50
1234,53,53,48,52,53,46,46,46
1235,52,55,52,55,47,32,40,41
1236,53,40,55,55,65,70,70,65
1237,68,66,53,66,63,59,47,66
1238,75,70,55,58,60,45,60,52
1239,54,62,55,58,60,45,60,52
1240,54,62,55,58,60,45,54,52
1241,54,62,55,58,60,45,54,52
1242,65,70,70,70,55,35,70,35
1243,50,80,30,70,35,25,65,50
1244,75,75,40,72,55,50,58,45
1245,75,73,59,61,38,32,37,41
1246,48,55,51,57,37,38,40,41
1247,48,49,51,59,49,44,37,51
1248,60,70,70,70,55,35,70,35
1249,55,55,55,65,55,45,55,65
1250,67,62,44,72,59,47,53,60
1251,57,66,56,31,72,47,52,49
1252,60,61,56,44,58,41,38,53
1253,43,51,59,50,55,47,45,49
1254,65,70,70,70,70,70,70,70
1255,66,34,52,51,64,44,47,64
1256,26,24,62,39,57,48,58,60
1257,41,39,36,42,44,52,58,57
1258,63,34,34,51,36,51,58,54
1259,45,42,34,36,55,31,47,42
1260,30,30,45,30,65,50,30,45
1261,56,51,68,52,60,57,50,67
1262,56,57,56,51,54,52,50,65
1263,56,57,56,51,54,52,50,69
1264,51,39,54,46,31,37,34,46
1265,58,35,67,32,66,47,45,53
1266,58,35,67,32,66,47,45,53
1267,58,35,64,36,66,47,45,53
1268,58,35,64,36,66,47,45,53
1269,45,35,40,30,70,45,35,55
1270,45,35,40,47,35,45,45,55
1271,50,50,50,65,50,35,45,50
1272,71,36,37,72,53,39,46,52
1273,76,64,64,72,53,39,34,52
1274,69,36,37,69,53,39,46,52
1275,70,50,50,65,50,50,50,50
1276,60,55,70,70,70,30,40,60
1277,44,47,52,63,61,43,44,51
1278,42,46,45,58,68,63,61,57
1279,41,38,41,59,62,58,51,56
1280,47,40,41,41,63,63,54,56
1281,35,70,45,70,35,30,45,30
1282,65,50,50,50,65,35,55,50
1283,49,53,52,34,36,36,45,49
1284,49,53,52,34,36,36,45,49
1285,49,53,52,34,57,36,52,49
1286,49,53,52,34,36,36,45,49
1287,35,50,50,50,35,45,45,50
1288,49,51,52,49,49,43,42,52
1289,49,51,52,49,49,43,42,52
1290,49,51,52,49,46,43,42,52
1291,49,51,52,49,46,43,42,52
1292,30,30,40,40,65,30,30,30
1293,55,55,63,62,47,61,59,54
1294,25,28,44,68,37,62,68,67
1295,35,38,44,50,41,34,44,54
1296,38,34,63,65,37,44,41,55
1297,48,43,43,58,39,44,41,55
1298,64,35,30,50,70,35,30,55
1299,70,49,66,50,50,44,45,55
1300,75,45,65,65,50,45,55,50
1301,78,63,69,78,52,40,63,57
1302,71,63,69,78,52,40,46,57
1303,68,63,69,68,52,40,57,57
1304,50,50,50,50,50,50,50,50
1305,50,50,50,50,50,50,50,50
1306,36,36,52,50,46,53,45,56
1307,30,30,55,60,70,55,60,60
1308,41,40,56,55,64,40,48,54
1309,20,35,38,56,55,51,38,59
1310,20,35,38,56,55,51,38,59
1311,30,35,38,56,55,51,38,59
1312,35,35,37,51,58,49,45,53
1313,60,70,50,60,60,30,55,30
1314,65,50,50,65,50,45,45,65
1315,49,50,51,60,61,43,57,51
1316,49,50,51,76,61,43,57,51
1317,49,52,51,67,56,47,51,46
1318,49,52,51,67,56,47,51,46
1319,55,40,45,30,60,30,65,30
1320,54,55,44,60,62,43,52,59
1321,55,54,58,73,41,51,50,60
1322,55,54,58,73,41,51,50,60
1323,55,54,58,68,41,51,50,60
1324,43,65,39,51,57,47,40,47
1325,50,50,50,50,50,45,55,50
1326,58,63,55,57,61,47,59,63
1327,63,48,39,54,55,31,47,37
1328,57,38,39,54,55,47,59,52
1329,70,30,60,70,70,65,50,60
1330,64,48,60,62,56,45,56,39
1331,50,42,56,66,48,47,44,43
1332,59,41,58,66,65,47,52,38
1333,54,53,60,56,48,46,54,40
1334,59,41,58,66,48,41,44,32
1335,64,30,55,35,70,65,30,70
1336,42,41,53,38,70,50,48,54
1337,20,26,43,57,58,51,51,56
1338,24,26,43,57,58,51,51,56
1339,35,35,43,57,58,51,51,56
1340,48,36,36,52,55,47,48,44
1341,35,35,40,50,60,30,30,30
1342,33,50,68,51,54,55,60,64
1343,37,30,57,42,56,42,54,48
1344,37,39,52,42,62,42,45,48
1345,53,32,53,54,56,42,54,62
1346,57,48,53,37,71,60,58,62
1347,30,30,55,55,55,30,30,30
1348,65,47,65,50,49,55,55,48
1349,40,39,53,68,58,50,59,68
1350,40,39,53,68,58,50,59,64
1351,40,39,53,62,58,37,40,64
1352,40,39,53,62,58,37,40,64
1353,30,30,60,50,55,30,30,30
1354,50,50,50,65,50,35,55,50
1355,56,42,54,52,52,37,37,58
1356,56,42,54,52,52,37,37,58
1357,56,42,54,52,52,37,37,58
1358,58,42,54,52,52,37,37,58
1359,50,50,50,50,50,50,50,50
1360,50,42,50,62,50,38,47,49
1361,41,52,48,60,47,46,55,54
1362,41,52,60,52,52,29,42,49
1363,62,53,50,30,54,30,49,35
1364,38,39,29,30,39,25,37,35
1365,38,49,45,42,53,27,32,35
1366,70,70,70,70,65,70,70,65
1367,64,53,67,67,48,44,47,66
1368,66,66,45,60,60,48,50,45
1369,67,45,45,38,53,38,52,45
1370,61,56,54,44,55,38,52,45
1371,61,52,54,42,45,38,52,45
1372,70,40,70,40,70,70,65,70
1373,64,40,65,48,64,64,48,68
1374,54,40,68,58,48,49,50,65
1375,68,33,71,67,78,60,50,64
1376,40,47,37,40,51,40,50,45
1377,56,63,68,66,58,63,47,73
1378,65,40,70,70,55,70,70,70
1379,60,65,40,50,45,35,55,60
1380,48,48,45,60,54,38,38,52
1381,55,54,57,53,57,33,31,49
1382,55,51,53,53,57,41,40,49
1383,62,51,53,50,60,41,40,49
1384,58,30,31,70,50,30,70,30
1385,35,35,30,45,45,45,45,50
1386,63,64,44,60,55,30,34,38
1387,72,73,61,74,32,30,37,41
1388,72,73,68,71,32,30,34,41
1389,77,57,68,73,29,30,37,41
1390,45,60,40,45,55,70,70,70
1391,34,52,66,48,53,48,59,67
1392,52,50,59,60,32,48,45,53
1393,52,50,57,55,32,48,45,53
1394,63,48,48,68,53,37,58,63
1395,66,72,70,61,54,32,32,62
1396,66,59,43,61,54,32,43,46
1397,66,72,66,67,51,36,38,65
1398,70,70,70,70,50,35,70,35
1399,35,50,45,65,50,45,55,65
1400,38,38,54,42,42,40,42,44
1401,38,39,43,42,34,56,52,44
1402,51,51,52,55,57,62,57,44
1403,51,56,52,59,40,62,48,44
1404,35,30,30,40,65,30,30,30
1405,72,57,70,47,49,28,63,62
1406,48,55,48,53,46,43,35,47
1407,51,63,48,53,52,43,45,47
1408,40,35,55,35,70,70,70,65
1409,67,48,53,63,67,58,47,52
1410,25,25,32,72,50,60,58,61
1411,30,30,32,72,50,60,58,61
1412,47,36,36,53,66,60,66,53
1413,33,37,33,37,31,62,58,37
1414,65,45,65,60,70,45,60,50
1415,65,45,65,36,51,58,47,66
1416,54,59,67,56,48,38,40,45
1417,58,57,68,72,70,64,42,55
1418,58,45,68,60,54,59,48,47
1419,68,57,69,66,50,66,46,55
1420,70,70,70,70,70,70,70,70
1421,55,55,60,60,45,45,45,50
1422,67,68,42,68,56,48,60,45
1423,63,61,42,73,56,42,48,52
1424,47,58,55,64,56,47,48,52
1425,46,54,55,47,48,47,48,55
1426,60,45,60,70,60,50,45,55
1427,54,47,37,48,53,49,45,52
1428,49,50,39,48,34,34,31,51
1429,30,30,45,35,70,45,50,45
1430,40,58,56,54,49,46,52,67
1431,60,44,40,57,41,49,54,50
1432,60,44,40,57,41,49,54,50
1433,55,55,55,70,60,55,55,60
1434,60,57,65,69,68,48,49,61
1435,52,69,39,70,46,44,34,50
1436,52,69,39,70,46,44,34,50
1437,52,64,39,66,46,44,34,50
1438,52,64,39,66,46,44,34,50
1439,55,60,30,40,70,70,70,70
1440,54,37,48,38,37,47,58,52
1441,33,38,67,52,73,58,47,52
1442,33,38,67,52,48,58,47,52
1443,33,51,38,63,48,58,38,52
1444,30,30,50,35,70,40,30,45
1445,43,40,46,38,42,38,40,53
1446,34,23,53,56,57,51,46,61
1447,38,23,53,56,57,51,46,61
1448,38,35,53,56,57,51,46,61
1449,52,50,52,56,57,48,43,49
1450,54,40,67,49,52,44,47,52
1451,54,40,46,49,52,44,47,52
1452,65,60,60,40,50,70,60,70
1453,52,52,52,48,53,46,48,53
1454,54,51,47,52,50,44,55,53
1455,54,51,47,52,32,44,58,37
1456,54,51,47,52,32,44,58,37
1457,54,51,47,52,32,44,58,37
